ingredients_text,ingredientes_identificados,num_ingredientes
"INGREDIENTS:Beef (22%), Cooked Egg Pasta [DurumWheatSemolina, Water, PasteursiedEgg],WholeMilk, Water, Tomato, Grana Padano Cheese [Grana Padano Medium Fat Hard Cheese (Milk), Preservative (EggLysozyme)], Chianti Red Wine, Whipping Cream (Milk), Pork, Smoked Pancetta [Pork Belly, Salt, Dextrose, Black Pepper, Garlic, Coriander, Nutmeg, Preservatives (Sodium Nitrite, Potassium Nitrate)], Cornflour, Tomato PurÃ©e, Wheat Flour [WheatFlour, Calcium Carbonate, Iron, Niacin, Thiamin], Onion, Carrot, Garlic PurÃ©e, Butter (Milk),Celery, Extra Virgin Olive Oil, Beef Extract, Salt, Yeast Extract, Basil, Porcini Mushroom Powder, Thyme, Black Pepper, Bay, White Pepper, Nutmeg.","['pork', 'cheese', 'butter', 'beef', 'egg', 'wine', 'tomato', 'milk', 'onion']",9
"INGREDIENTS:Mashed Potato (28%) [Potato, SkimmedMilk, WholeMilk, Butter (Milk), Salt, White Pepper], Pork Sausage (18%) [Pork,WheatFlour, Water, Salt, Rapeseed Oil, Dextrose, Stabiliser (Sodium Triphosphate), White Pepper, Parsley, Mace, Yeast Extract, Ginger, Sage, Nutmeg], Onion Gravy (18%) [Water, Onion, Cornflour, Tomato PurÃ©e, Chicken Extract, Rapeseed Oil, Muscovado Sugar, Caramelised Sugar,WheatFlour, Garlic PurÃ©e, Vegetable Juices [Carrot, Mushroom, Onion], Sugar, Salt, Thyme, White Pepper], Wheat Flour [WheatFlour, Calcium Carbonate, Iron, Thiamin, Niacin], Water, Peas, Carrot, Egg Blend [EggWhite,Egg],Rapeseed Oil, Dried SkimmedMilk,EggWhite, Salt. Pork sausages filled into pork casings.","['potato', 'chicken', 'pork', 'butter', 'egg', 'tomato', 'peas', 'milk', 'onion']",9
"INGREDIENTS:Soured Cream (Milk) (24%)(SkimmedMilk, Cream (Milk), Starter Culture), Tomato (21%), Avocado (17%), Mayonnaise(Water, Rapeseed Oil, Pasteurised (Egg), Cornflour, Spirit Vinegar, Salt, Sugar, Rice Starch, Citrus Fibre, DriedEggWhite, Potato Fibre), Onion (5%), Tomato Juice, Mature Cheddar Cheese (Milk) (2%)(Milk, Salt, Starter Culture, Vegetarian Rennet, Colour (Annatto)), JalapeÃ±o Chilli (1.5%), Monterey Jack Full Fat Hard Cheese (Milk) (1.5%)(Milk, Salt, Starter Culture, Rennet), Rapeseed Oil, Chive, Tomato PurÃ©e, Cornflour, Red Wine Vinegar, Concentrated Lime Juice, Double Cream (Milk), Coriander, Water, Sugar, Salt, Roast (Garlic PurÃ©e), Garlic PurÃ©e, Smoked Paprika, Antioxidant (Ascorbic Acid), Red Chilli, Parsley, Spices (Turmeric, Cayenne Pepper, Cinnamon, Clove), Rice Starch, Stabiliser (Xanthan Gum), Potato Starch, Colour (Paprika Extract), Bay Leaf, Sunflower Oil.INGREDIENTS:Avocado (71%), Tomato, Soured Cream (Milk) (9%), Onion, Concentrated Lime Juice, Coriander, Antioxidant (Ascorbic Acid), Garlic PurÃ©e, Red Chilli, Salt, Rice Starch.INGREDIENTS:Tomato (72%), Onion (9%), Tomato Juice, Tomato PurÃ©e, Red Wine Vinegar, Rapeseed Oil, Sugar, Coriander, Cornflour, Parsley, Garlic PurÃ©e, Salt, Stabiliser (Xanthan Gum), Colour (Paprika Extract), Sunflower Oil.INGREDIENTS:Soured Cream (Milk) (56%), Mayonnaise [Water, Rapeseed Oil, PasteurisedEgg, Cornflour, Spirit Vinegar, Salt, Sugar, Rice Starch, Citrus Fibre, DriedEggWhite, Potato Fibre], Onion, Chive (3%), Rapeseed Oil, Double Cream (Milk), Cornflour.INGREDIENTS:Soured Cream (Milk), Water, Rapeseed Oil, Mature Cheddar Cheese (8%) [Mature Cheddar Cheese (Milk), Colour (Annatto)], JalapeÃ±o Chilli (7%), Monterey Jack Full Fat Hard Cheese (Milk) (7%), PasteurisedEgg, Cornflour, Concentrated Lime Juice, Spirit Vinegar, Salt, Roast Garlic PurÃ©e, Smoked Paprika, Sugar, Rice Starch, Spices, Citrus Fibre, Chive, DriedEggWhite, Potato Starch, Potato Fibre, Bay Leaf, Colour (Paprika Extract), Sunflower Oil.","['potato', 'cheese', 'citrus', 'egg', 'wine', 'tomato', 'milk', 'onion', 'rice']",9
"INGREDIENTS:Beef (22%), Cooked Egg Pasta [DurumWheatSemolina, Water, PasteurisedEgg], WholeMilk, Water, Tomato, Grana Padano Cheese [Grana Padano Medium Fat Hard Cheese (Milk), Preservative (EggLysozyme)], Chianti Red Wine, Pork, Smoked Pancetta [Pork Belly, Salt, Dextrose, Black Pepper, Garlic, Coriander, Nutmeg, Preservatives (Sodium Nitrite, Potassium Nitrate)], Whipping Cream (Milk), Cornflour, Tomato PurÃ©e, Wheat Flour [WheatFlour, Calcium Carbonate, Iron, Niacin, Thiamin], Onion, Carrot, Garlic PurÃ©e, Butter (Milk),Celery, Extra Virgin Olive Oil, Beef Extract, Salt, Yeast Extract, Basil, Porcini Mushroom Powder, Thyme, Black Pepper, Bay, White Pepper, Nutmeg.","['pork', 'cheese', 'butter', 'beef', 'egg', 'wine', 'tomato', 'milk', 'onion']",9
"Sweet chilli chicken wrapsWheat Flour [WheatFlour, Calcium Carbonate, Iron, Niacin, Thiamin], Water, Chicken Breast (17%), Sugar, Spinach, Carrot, Red Pepper, Sweetcorn, Palm Oil, Spring Onion, Spirit Vinegar, Cornflour, Rapeseed Oil, Garlic PurÃ©e, Salt, Red Chilli, Red Chilli PurÃ©e, Onion Powder, Dried Red Pepper, Raising Agents (Sodium Bicarbonate, Disodium Diphosphate), White Wine Vinegar, Spices, Stabiliser (Sodium Carboxymethylcellulose), Garlic Powder, Black Pepper, Acidity Regulator (Malic Acid), Dried Chilli, Sunflower Oil, Colour (Paprika Extract), Oregano.Fajita chicken wrapsWheat Flour [WheatFlour, Calcium Carbonate, Iron, Niacin, Thiamin], Water, Chicken Breast (15%), Lettuce, CrÃ¨me FraÃ®che (Milk), Sweetcorn, Palm Oil, Red Pepper, Black Turtle Beans, Cheddar Cheese (Milk), Spring Onion, Tomato, Tomato Paste, Rapeseed Oil, JalapeÃ±o Chilli, Sugar, Onion, White Wine Vinegar, Cornflour, Red Wine Vinegar, Salt, Onion Powder, Spices, Herbs, Tomato PurÃ©e, Garlic, Raising Agents (Sodium Bicarbonate, Disodium Diphosphate), Green Pepper, Spirit Vinegar, Sea Salt, Stabiliser (Sodium Carboxymethylcellulose), Garlic PurÃ©e,MustardSeeds, Garlic Powder, Acidity Regulators (Malic Acid), Black Pepper, Concentrated Lemon Juice, Tomato Powder, Paprika Extract, Dried Red Pepper, Sunflower Oil, Colour (Paprika Extract), Dried Green Pepper, Chilli Extract, Dried Bell Pepper, Capsicum Extract, Dried Tomato, Dried Garlic.Cheddar and pesto wrapsWheat Flour [WheatFlour, Calcium Carbonate, Iron, Niacin, Thiamin], Medium Mature Cheddar Cheese (Milk) (24%), Water, Semi- Dried Tomato, Spinach, Palm Oil, Medium Fat Hard Cheese (Milk), Basil, Sunflower Oil, Extra Virgin Olive Oil, Rapeseed Oil, Salt, Sugar, Onion Powder, Cornflour, Raising Agents (Sodium Bicarbonate, Disodium Diphosphate), Acidity Regulator (Malic Acid), Spices, Stabiliser (Sodium Carboxymethylcellulose), Red Pepper, Oregano, Garlic, Garlic Powder, Garlic PurÃ©e, Colour (Paprika Extract), Chilli Extract, Capsicum Extract.Hoisin duck wrapsWheat Flour [WheatFlour, Calcium Carbonate, Iron, Niacin, Thiamin], Water, Duck (21%), Spinach, Carrot, Muscovado Sugar, Palm Oil, Onion, Spring Onion, Malt Vinegar (Barley), Cornflour, Sugar, Raising Agents (Sodium Bicarbonate, Disodium Diphosphate), Salt, Tomato Paste, Rapeseed Oil, Stabiliser (Sodium Carboxymethylcellulose), Cane Molasses, Acidity Regulator (Malic Acid), Garlic PurÃ©e, Spices,SoyaBean,Wheat, Ginger PurÃ©e, Alcohol, Colour (Plain Caramel), Black Pepper.Chicken and bacon caesar wrapsWheat Flour [WheatFlour, Calcium Carbonate, Iron, Niacin, Thiamin], Water, Chicken Breast (17%), Rapeseed Oil, Lettuce, Smoked Bacon (4%) [Pork Belly, Sugar, Salt, Emulsifier (Sodium Triphosphate), Honey, Preservative (Sodium Nitrite)], Medium Mature Cheddar Cheese (Milk) (4%), Palm Oil, Medium Fat Hard Cheese (Milk), White Wine Vinegar, Cornflour, Raising Agents (Sodium Bicarbonate, Disodium Diphosphate), Fromage Frais (Milk), Salt, PasteurisedEggYolk, Sugar, Stabiliser (Sodium Carboxymethylcellulose), Lemon Juice, Acidity Regulator (Malic Acid), Brown Sugar,MustardFlour, Garlic PurÃ©e, Anchovy (Fish), Black Pepper, Spirit Vinegar, Sunflower Oil, Garlic Powder, Sea Salt,MustardHusk, Ground Pimento, Ground Turmeric.INGREDIENTS:Wheat Flour [WheatFlour, Calcium Carbonate, Iron, Niacin, Thiamin], Water, Chicken Breast (17%), Sugar, Spinach, Carrot, Red Pepper, Sweetcorn, Palm Oil, Spring Onion, Spirit Vinegar, Cornflour, Rapeseed Oil, Garlic PurÃ©e, Salt, Red Chilli, Red Chilli PurÃ©e, Onion Powder, Dried Red Pepper, Raising Agents (Sodium Bicarbonate, Disodium Diphosphate), White Wine Vinegar, Spices, Stabiliser (Sodium Carboxymethylcellulose), Garlic Powder, Black Pepper, Acidity Regulator (Malic Acid), Dried Chilli, Sunflower Oil, Colour (Paprika Extract), Oregano.INGREDIENTS:Wheat Flour [WheatFlour, Calcium Carbonate, Iron, Niacin, Thiamin], Medium Mature Cheddar Cheese (Milk) (24%), Water, Semi- Dried Tomato, Spinach, Palm Oil, Medium Fat Hard Cheese (Milk), Basil, Sunflower Oil, Extra Virgin Olive Oil, Rapeseed Oil, Salt, Sugar, Onion Powder, Cornflour, Raising Agents (Sodium Bicarbonate, Disodium Diphosphate), Acidity Regulator (Malic Acid), Spices, Stabiliser (Sodium Carboxymethylcellulose), Red Pepper, Oregano, Garlic, Garlic Powder, Garlic PurÃ©e, Colour (Paprika Extract), Chilli Extract, Capsicum Extract.INGREDIENTS:Wheat Flour [WheatFlour, Calcium Carbonate, Iron, Niacin, Thiamin], Water, Duck (21%), Spinach, Carrot, Muscovado Sugar, Palm Oil, Onion, Spring Onion, Malt Vinegar (Barley), Cornflour, Sugar, Raising Agents (Sodium Bicarbonate, Disodium Diphosphate), Salt, Tomato Paste, Rapeseed Oil, Stabiliser (Sodium Carboxymethylcellulose), Cane Molasses, Acidity Regulator (Malic Acid), Garlic PurÃ©e, Spices,SoyaBean,Wheat, Ginger PurÃ©e, Alcohol, Colour (Plain Caramel), Black Pepper.INGREDIENTS:Wheat Flour [WheatFlour, Calcium Carbonate, Iron, Niacin, Thiamin], Water, Chicken Breast (17%), Rapeseed Oil, Lettuce, Smoked Bacon (4%) [Pork Belly, Sugar, Salt, Emulsifier (Sodium Triphosphate), Honey, Preservative (Sodium Nitrite)], Medium Mature Cheddar Cheese (Milk) (4%), Palm Oil, Medium Fat Hard Cheese (Milk), White Wine Vinegar, Cornflour, Raising Agents (Sodium Bicarbonate, Disodium Diphosphate), Fromage Frais (Milk), Salt, PasteurisedEggYolk, Sugar, Stabiliser (Sodium Carboxymethylcellulose), Lemon Juice, Acidity Regulator (Malic Acid), Brown Sugar,MustardFlour, Garlic PurÃ©e, Anchovy (Fish), Black Pepper, Spirit Vinegar, Sunflower Oil, Garlic Powder, Sea Salt,MustardHusk, Ground Pimento, Ground Turmeric.INGREDIENTS:Wheat Flour [WheatFlour, Calcium Carbonate, Iron, Niacin, Thiamin], Water, Chicken Breast (15%), Lettuce, CrÃ¨me FraÃ®che (Milk), Sweetcorn, Palm Oil, Red Pepper, Black Turtle Beans, Cheddar Cheese (Milk), Spring Onion, Tomato, Tomato Paste, Rapeseed Oil, JalapeÃ±o Chilli, Sugar, Onion, White Wine Vinegar, Cornflour, Red Wine Vinegar, Salt, Onion Powder, Spices, Herbs, Tomato PurÃ©e, Garlic, Raising Agents (Sodium Bicarbonate, Disodium Diphosphate), Green Pepper, Spirit Vinegar, Sea Salt, Stabiliser (Sodium Carboxymethylcellulose), Garlic PurÃ©e,MustardSeeds, Garlic Powder, Acidity Regulator (Malic Acid), Black Pepper, Concentrated Lemon Juice, Tomato Powder, Paprika Extract, Dried Red Pepper, Sunflower Oil, Colour (Paprika Extract), Dried Green Pepper, Chilli Extract, Dried Bell Pepper, Capsicum Extract, Dried Tomato, Dried Garlic.","['chicken', 'pork', 'cheese', 'wine', 'tomato', 'fish', 'cane', 'milk', 'onion']",9
"INGREDIENTS:Beef (22%), Cooked Egg Pasta [DurumWheatSemolina, Water, PasteurisedEgg], WholeMilk, Water, Tomato, Grana Padano Cheese [Grana Padano Medium Fat Hard Cheese (Milk), Preservative (EggLysozyme)], Chianti Red Wine, Whipping Cream (Milk), Pork, Smoked Pancetta [Pork Belly, Salt, Dextrose, Black Pepper, Garlic, Coriander, Nutmeg, Preservatives (Sodium Nitrite, Potassium Nitrate)], Cornflour, Tomato PurÃ©e, Wheat Flour [WheatFlour, Calcium Carbonate, Iron, Niacin, Thiamin], Onion, Carrot, Garlic PurÃ©e, Butter (Milk),Celery, Extra Virgin Olive Oil, Beef Extract, Salt, Yeast Extract, Basil, Porcini Mushroom Powder, Thyme, Black Pepper, Bay, White Pepper, Nutmeg.","['pork', 'cheese', 'butter', 'beef', 'egg', 'wine', 'tomato', 'milk', 'onion']",9
"INGREDIENTS:Mashed Potato [Potato, Single Cream (Milk), Butter (Milk), Salt, White Pepper], Single Cream (Milk), WholeMilk, Chicken Breast Fillet (5%), Chicken Thigh (5%), Onion, White Wine, Ham Hock (4%) [Pork, Water, Salt, Preservative (Sodium Nitrite)], Leek, Water, English Mustard [Water, YellowMustardFlour,MustardFlour, Salt, Spirit Vinegar, Rapeseed Oil, Turmeric], Rapeseed Oil, Cornflour, Chicken Extract, Wholegrain Mustard [Water, BlackMustardSeed, Spirit Vinegar, Salt], Ciabatta Style Crumb [Wheat Flour [WheatFlour, Calcium Carbonate, Iron, Niacin, Thiamin], Yeast, Olive Oil, Salt], Wheat Flour [WheatFlour, Calcium Carbonate, Iron, Niacin, Thiamin], Mature Cheddar Cheese (Milk), Sugar, Salt, Brown Ale (Barley), Rosemary, English Mustard [MustardFlour, Water, Cider Vinegar, Sea Salt, Concentrated Lemon Juice, Raw Cane Sugar, Turmeric], Dijon Mustard [Water,MustardFlour, Spirit Vinegar, Sea Salt,MustardHusk, Pimento, Turmeric], Onion Juice, Spirit Vinegar, Bay Leaf, Sea Salt, Black Pepper, Tamarind PurÃ©e, Garlic PurÃ©e, Onion Powder, Lemon Concentrate, Clove, Ginger PurÃ©e, Chilli, Cumin, Oregano, Garlic, Anti-caking Agent (Silicon Dioxide).","['potato', 'chicken', 'pork', 'cheese', 'butter', 'wine', 'cane', 'milk', 'onion']",9
"INGREDIENTS:Cooked White Sushi Rice [Water, White Rice, Rice Vinegar, Sugar, Spirit Vinegar, Salt, Rapeseed Oil], Smoked Salmon (Fish) (6%), King Prawn (Crustacean) (3%), Low Fat Soft Cheese (Milk), Cucumber, Pepper, EdamameSoyaBean, Tuna (Fish), Chicken Breast, Soy Sauce Bottle [Water,SoyaBean, Salt, Vinegar, Ethanol], Pickled Ginger Sachet [Ginger, Tapioca Starch, Rice Vinegar, Water, Salt], Wasabi Sachet [Horseradish, Wasabi],WheatFlour, BlackSesame Seeds, Rapeseed Oil, Nori Seaweed, Spinach, Palm Oil, Salt, WhiteSesame Seeds, Brown Sugar, Cornflour, Rice Vinegar, Ginger PurÃ©e, Onion, Spirit Vinegar, Garlic PurÃ©e, Coconut Extract, Glucose Syrup, Red Pepper, Dried Red Pepper, Honey, Red Chilli PurÃ©e, Rice Wine,SoyaBean, PasteurisedEggYolk, Lemongrass, Tomato Paste, Sunflower Oil, Yeast Extract, Cane Molasses,WheatGluten, Chicken Extract, Maltodextrin, Corn Starch, Sugar, Lime Leaf, Galangal, Orange Peel, Ginger Powder, Raising Agents (Disodium Diphosphate, Sodium Bicarbonate), Turmeric, Concentrated Orange Juice, Chilli Powder, Coriander Powder, Dried Onion, Onion Powder, Paprika, Sea Salt, Coriander, Cumin, Tomato PurÃ©e, Black Pepper, Colour (Paprika Extract, Curcumin), Yeast, Dextrose, Chilli Flakes, Star Anise, Dried Garlic, Tamarind Paste, Ginger, Garlic Powder, Carrot, Leek, Parsley, Garlic, White Peppercorns, Bay Leaf, Cayenne Pepper, Acidity Regulators (Citric Acid, Acetic Acid, Lactic Acid).","['chicken', 'cheese', 'fish', 'wine', 'tomato', 'cane', 'milk', 'onion', 'rice']",9
"INGREDIENTS:Cooked Risotto Rice (Water, Risotto Rice), Cooked Marinated Chicken Thigh (10%) (British Chicken Thigh, Oregano, Smoked Paprika, Cornflour, Lemon Juice), Water, King Prawn (Penaeus vannamei) (Crustacean) (8%), Tomato, Chorizo (4%) (Pork, Salt, Smoked Paprika, Paprika, Milk Protein Concentrate (Cows'Milk), Dextrose, Garlic, Antioxidant: Sodium Ascorbate; Preservatives: Sodium Nitrite, Potassium Nitrate; Nutmeg, Oregano, Rosemary Extract), Onion, Peas, Red Pepper, Garlic Puree, Rapeseed Oil, White Wine, Smoked Paprika, Tomato Paste, Shellfish Stock (Cod (Gadus morhua, Gadus macrocephalus) (Fish), Water, Mussels (Mytilus edulis) (Mollusc), Tomato Paste, Salt, Carrot Concentrate, Crab (Carcinus maenas) (Crustacean), Onion Concentrate, Lobster (Homarus americanus) (Crustacean), Rapeseed Oil, Sugar, Paprika, Turmeric), Parsley, Cornflour, Yeast Extract, Chicken Juices, Salt, Sugar, Fish Sauce (Water, Anchovy Extract (Engraulidae) (Fish), Salt, Sugar), Turmeric, Thyme, Chilli Powder, Rosemary, Cracked Black Pepper, Saffron.","['chicken', 'pork', 'wine', 'tomato', 'fish', 'peas', 'milk', 'onion', 'rice']",9
"INGREDIENTS:Mashed Potato (49%) (Potato, Butter (Cows'Milk), Semi Skimmed Cows'Milk, Double Cream (Cows'Milk), Salt, White Pepper), Water, British/New Zealand Lamb's Liver (16%) (Lamb Liver, Cornflour, Rapeseed Oil, Red Wine), Onion, Smoked British Streaky Bacon (3%) (Pork, Salt, Antioxidant: Sodium Ascorbate; Preservative: Sodium Nitrite), Roast Beef Stock (Beef Juices, Water, Tomato Paste, Onion, Carrot), Cornflour, Caramelised Red Onion Chutney (Caramelised Red Onion (Red Onion, Brown Sugar), Red Wine Vinegar, Red Wine, Dried Onion, Cornflour, Onion Stock (Onion Concentrate, Sunflower Oil, Salt, Sugar, Garlic Puree), Boiled Chicken Stock (Chicken Juices, Water), Rapeseed Oil, Red Wine Vinegar, Tomato Puree, Sea Salt, Beef Gelatine, Colour: Plain Caramel; Black Pepper.","['potato', 'chicken', 'pork', 'butter', 'beef', 'wine', 'tomato', 'lamb', 'onion']",9
"INGREDIENTS:Roast Potatoes (30%) (Potato, Rapeseed Oil, Butter (Cows'Milk), DurumWheatSemolina, Salt, White Pepper), Sliced Marinated British Chicken Breast (19%) (Chicken Breast, Salt, Potato Starch, White Pepper, Concentrated Lemon Juice), Water, British Pork, Onion and Sage Stuffing (9%) (Pork, Onion, Premium Harvestâ„¢ Breadcrumb (Country Groundâ„¢ Fortified British Wheat Flour (WheatFlour, Calcium Carbonate, Iron, Niacin, Thiamin), Yeast, Salt), Rapeseed Oil, Sage, Salt, Parsley, Pimento, Black Pepper, Bay), Peas (8%), Carrot (6%), Yorkshire Pudding (6%) (Fortified Wheat Flour (WheatFlour, Calcium Carbonate, Iron, Niacin, Thiamin), Water, Semi Skimmed Cows'Milk,EggWhite,Egg, Rapeseed Oil, Salt, Emulsifier: Sunflower Lecithin), Roast Chicken Stock (Chicken Juices, Water, Carrot, Leek, Onion, Garlic Puree, Bay, Parsley), Cornflour, Onion, White Wine, Fortified Wheat Flour (WheatFlour, Calcium Carbonate, Iron, Niacin, Thiamin), Butter (Cows'Milk), Yeast Extract (Barley), Tomato Puree, Rapeseed Oil, Salt, Gelling Agent: Pectin; Garlic Puree, Colour: Plain Caramel; White Pepper.","['potato', 'chicken', 'pork', 'butter', 'egg', 'wine', 'tomato', 'peas', 'onion']",9
"INGREDIENTS:Cooked Risotto Rice (Water, Risotto Rice), Cooked Marinated Chicken Thigh (10%) (British Chicken Thigh, Oregano, Smoked Paprika, Cornflour, Lemon Juice), Water, King Prawn (Penaeus vannamei) (Crustacean) (8%), Tomato, Chorizo (4%) (Pork, Salt, Smoked Paprika, Paprika, Milk Protein Concentrate (Cows'Milk), Dextrose, Garlic, Antioxidant: Sodium Ascorbate; Preservatives: Sodium Nitrite, Potassium Nitrate; Nutmeg, Oregano, Rosemary Extract), Onion, Peas, Red Pepper, Garlic Puree, Rapeseed Oil, White Wine, Smoked Paprika, Tomato Paste, Shellfish Stock (Cod (Gadus morhua, Gadus macrocephalus) (Fish), Water, Mussels (Mytilus edulis) (Mollusc), Tomato Paste, Salt, Carrot Concentrate, Crab (Carcinus maenas) (Crustacean), Onion Concentrate, Lobster (Homarus americanus) (Crustacean), Rapeseed Oil, Sugar, Paprika, Turmeric), Parsley, Cornflour, Yeast Extract, Chicken Juices, Salt, Sugar, Fish Sauce (Water, Anchovy Extract (Engraulidae) (Fish), Salt, Sugar), Turmeric, Thyme, Chilli Powder, Rosemary, Cracked Black Pepper, Saffron.","['chicken', 'pork', 'wine', 'tomato', 'fish', 'peas', 'milk', 'onion', 'rice']",9
"INGREDIENTS:Potato, Cooked Marinated Beef (21%) (British Beef, Red Wine, Garlic Puree, Tomato Puree, Potato Starch, Black Treacle, Cornflour, Salt, Black Pepper, Oregano), Water, Onion, Ale (Barley) (3.5%), Red Wine (3.5%), Mature Cheddar Cheese (Cows'Milk) (2.5%), Rapeseed Oil, Polenta, Beef Juices, Tomato Puree, Worcester Sauce (Water, Spirit Vinegar, Sugar, Tamarind Extract, Onion, Garlic, Ginger, Concentrated Lemon Juice, Clove, Chilli), Brown Sauce (Water, Molasses, Sugar, Apple Puree, Acid: Acetic Acid; Thickener: Modified Maize Starch; Salt, Fortified Wheat Flour (WheatFlour, Calcium Carbonate, Iron, Niacin, Thiamin), Spirit Vinegar, Tomato Puree, Cloves), Beef Gelatine, Brown Sugar, Cornflour, Salt, Garlic Puree, Colour: Plain Caramel; Fortified British Wheat Flour (WheatFlour, Calcium Carbonate, Iron, Niacin, Thiamin), Rosemary, Butter (Cows'Milk), Black Pepper, Thyme, Caramelised Sugar Syrup.","['potato', 'maize', 'cheese', 'butter', 'beef', 'apple', 'wine', 'tomato', 'onion']",9
"INGREDIENTS:Roast Potatoes (30%) (Potato, Rapeseed Oil, Butter (Cows'Milk), DurumWheatSemolina, Salt, White Pepper), Water, Sliced Marinated British/New Zealand Lamb (14%) (Lamb, Garlic Puree, Rosemary, Black Pepper), Carrot (14%), Peas (12%), Lamb Juices (Lamb, Rosemary, Garlic Puree, Black Pepper), Yorkshire Pudding (6%) (Fortified Wheat Flour (WheatFlour, Calcium Carbonate, Iron, Niacin, Thiamin), Water, Semi Skimmed Cows'Milk,EggWhite,Egg, Rapeseed Oil, Salt, Emulsifier: Sunflower Lecithin), Roast Lamb Stock (Lamb Juices, Water, Tomato Paste, Carrot, Onion, Thyme), Cornflour, Tomato Puree, Balsamic Vinegar (Grape Must Concentrate, White Wine Vinegar), Yeast Extract (Barley), Redcurrant Jelly (Brown Sugar, Water, Concentrated Redcurrant Juice, Concentrated Lemon Juice, Pectin), Fortified Wheat Flour (WheatFlour, Calcium Carbonate, Iron, Niacin, Thiamin), Salt, Butter (Cows'Milk), Mint, Garlic Puree, Colour: Plain Caramel; Black Pepper.","['potato', 'grape', 'butter', 'egg', 'wine', 'tomato', 'peas', 'lamb', 'onion']",9
"INGREDIENTS: Potato, Cooked Marinated Beef (21%) (British Beef, Red Wine, Garlic Puree, Tomato Puree, Potato Starch, Black Treacle, Cornflour, Salt, Black Pepper, Oregano), Water, Onion, Ale (Barley) (3.5%), Red Wine (3.5%), Mature Cheddar Cheese (Cows'Milk) (2.5%), Rapeseed Oil, Polenta, Beef Juices, Tomato Puree, Worcester Sauce (Water, Spirit Vinegar, Sugar, Tamarind Extract, Onion, Garlic, Ginger, Concentrated Lemon Juice, Clove, Chilli), Brown Sauce (Water, Molasses, Sugar, Apple Puree, Acid: Acetic Acid; Thickener: Modified Maize Starch; Salt, Fortified Wheat Flour (WheatFlour, Calcium Carbonate, Iron, Niacin, Thiamin), Spirit Vinegar, Tomato Puree, Cloves), Beef Gelatine, Brown Sugar, Cornflour, Salt, Garlic Puree, Colour: Plain Caramel; Fortified British Wheat Flour (WheatFlour, Calcium Carbonate, Iron, Niacin, Thiamin), Rosemary, Butter (Cows'Milk), Black Pepper, Thyme, Caramelised Sugar Syrup.","['potato', 'maize', 'cheese', 'butter', 'beef', 'apple', 'wine', 'tomato', 'onion']",9
"British Free Range Chicken (19%),Milk,Rice Flour,Butter,Leek (7%),DoubleCream,Ham (5%) (British Free Range Pork Leg, Salt, Preservatives (Potassium Nitrate, Sodium Nitrite)),Onion,CheddarCheese,Maize Starch,Cornflour,White Wine,Tapioca Starch,SoyaFlour,Free RangeEgg,Garlic,Vegetable Fibre,Wholegrain Mustard (Water,MustardSeeds, Spirit Vinegar, Salt, White Wine Vinegar, Sugar, Spices),Maltodextrin,Salt,Thickener (Cellulose),Natural Flavouring,Potato Starch,Raising Agents (Sodium Acid Pyrophosphate, Sodium Bicarbonate),Sugar,Chive,Black Pepper,Dried Onion,Thyme","['potato', 'chicken', 'pork', 'maize', 'butter', 'wine', 'milk', 'onion', 'rice']",9
"Carrots (14%),Cauliflower (14%),Onion,Chopped Tomatoes (Tomatoes, Tomato Juice, Acidity Regulator: Citric Acid),Potato (12%),WheatFlour (WheatFlour, Calcium Carbonate, Iron, Niacin, Thiamin),Water,Double Cream (Milk),Spinach (7%),Vegetable Oils (Sustainable Palm Oil*, Rapeseed Oil),SpeltFlour,Apricots (3%) (Apricots, Rice Flour, Preservative:Sulphur Dioxide),Rapeseed Oil,Balsamic Onion Chutney (2%) (Red Onions, Red Wine Vinegar, White Onions, Demerara Sugar, Muscovado Sugar, Cornflour, Balsamic Vinegar (Wine Vinegar, Concentrated Grape Must), Salt, Ground Black Pepper),Medium Fat Hard Cheese (Milk),Red Split Lentils,Butter (Milk),Garlic PurÃ©e,WheatFlour,Salt,Coriander,Golden Linseeds (<1%),Brown Linseeds (<1%),Vegetable Stock,Poppy Seeds (<1%),Curry Powder (<1%) (containsMustard),Ground Cayenne Pepper (<1%),Ground Paprika (<1%)","['potato', 'grape', 'cheese', 'butter', 'wine', 'tomato', 'milk', 'onion', 'rice']",9
"Soulful Cheese 57% [Semi Skimmed, Cheese Mix (contains, Mozzarella, Cheddar, Dairy Product), Butter (), Gluten Free Flour [Rice, Potato, Tapioca, Maize, Buckwheat], Dijon[Water,Seeds, Spirit Vinegar, Salt]], Cooked Macaroni 21% [DurumSemolina, Water, Rapeseed Oil], Soulful Korean BBQ Sauce 11% [Soulful Hoisin Sauce [Sugar, Miso Paste [Water,Beans, Rice, Salt], Tamari [Water,Beans, Salt, Alcohol], Sriracha Sauce, Tomato Paste, Rice Vinegar, Garlic Puree, Sesame Oil, Pepper, Star Anise, Chinese 5 Spice], Tomato Paste, Water, Rice Vinegar, Ginger Puree, Sherry Vinegar [Wine Vinegar, Concentrated Grape Must], Honey, Sriracha Sauce [Chilli, Sugar, Salt, Garlic, Distilled Vinegar, Preservative [Potassium Sorbate, Sodium Hydrogen]], Xanthan Gum, Garlic Puree, Five Spice Powder, Star Anise], Kimchi 8% [Water, Mirin [Glucose Syrup, Water, Fermented Rice Extract, Sugar, Spirit Vinegar, Acidity Regulator: E338, Cane Molasses], Sugar, Sea Salt, Sliced White Cabbage, Gochujang [Corn Syrup, Red Pepper, Seasoning, Rice, Water, Sea Salt, Red Pepper Powder, Grain Alcohol,Bean,Bean Powder, Glutinous Rice, Rice Flour, Koji], Ginger Puree], Kale, Seed Mix 0.3% (Black, Sunflower & Golden Linseed)","['potato', 'maize', 'cheese', 'grape', 'butter', 'wine', 'tomato', 'cane', 'rice']",9
"Egg Pasta (DurumSemolina, Water, Pasteurised Free-Range), Tomatoes, Cream (),, Red Wine, British Beef (8%), Cheddar Cheese (), Smoked Bacon (Pork, Water, Salt, Preservatives: Sodium Nitrate, Sodium Nitrite, Potassium Nitrate, Antioxidant Sodium Ascorbate*), British Pork (5%), Onions, Water, Tomato PurÃ©e, Carrots,Flour, Mozzarella Cheese (),, Sunflower Oil, Butter (), Balsamic Vinegar, Chicken Liver, Cornflour, Beef Stock (British Beef, Yeast Extract, Salt, Tomato PurÃ©e, Molasses, Lemon Juice Concentrate, Onion Powder), Garlic PurÃ©e, Fresh Parsley, Salt, Oregano, Sugar, Black Pepper, Star Anise, Nutmeg, White Pepper, *Used in the curing of Smoked Bacon","['chicken', 'pork', 'cheese', 'butter', 'beef', 'egg', 'wine', 'tomato', 'onion']",9
"Mashed Potato (36%) [Potatoes (Sodium), Butter (), Cream (,), SkimmedPowder, Salt, Preservative: Potassium Sorbate; White Pepper], Pork Sausages (26%) [Pork (80%), Water, Rusk (Wheat Flour (Flour, Calcium Carbonate, Iron, Niacin, Thiamin), Salt), Salt, Stabiliser: Tetrapotassium Diphosphates; Yeast Extract, Preservative: Sodium; Antioxidant: Sodium Ascorbate; Pepper Extract, Nutmeg Extract, Natural Sheep Casing], Red Wine Gravy (16%) (Water, Onions, Beef Demi Glaze (,), Thickener: Modified Waxy Maize Starch, Worcestershire Sauce (,), Red Wine (), Chicken Bouillon (), Vegetable Bouillon (,), Garlic Puree, Caramelized Powder, Stabilizer: Xanthan Gum, Thyme, Preservative: Potassium Sorbate, White Pepper), Peas (12%) (Peas, Salt, Preservative: Potassium Sorbate), Caramelised Red Onion (10%) (Red Onions, Balsamic Vinegar (), Brown Sugar, Garlic Puree, Coriander, Cinnamon, Chilli Flakes)","['potato', 'chicken', 'pork', 'maize', 'butter', 'beef', 'wine', 'peas', 'onion']",9
"Beef (15%), Cooked Free Range Egg Pasta Sheet (Water, DurumSemolina, Pasteurised Free Range, Pasteurised Free RangeAlbumen), Pork (15%), Tomatoes, Red Wine, Whole, Single Cream (), Tomato PurÃ©e, Onion, Cornflour, Smoked Bacon (Pork, Water, Salt, Preservatives (Sodium Nitrite, Potassium Nitrate), Antioxidant (Sodium Ascorbate)), Fortified Wheat Flour (Flour, Calcium Carbonate, Iron, Niacin, Thiamin), Carrot, Medium Mature Cheddar Cheese (), Extra Mature Cheddar Cheese (),, Rapeseed Oil, Skimmed, Butter (), Beef Extract, White Balsamic Vinegar (White Wine Vinegar, Grape Must), Oregano, Salt, Garlic PurÃ©e, Parmigiano Reggiano Cheese (), Caramelised Sugar Powder, Parsley, Sugar, Concentrated Onion Juice, Black Pepper, Nutmeg, White Pepper, Ground Bay","['pork', 'cheese', 'grape', 'butter', 'beef', 'egg', 'wine', 'tomato', 'onion']",9
"Egg Pasta (DurumSemolina, Water, Pasteurised Free-Range), Tomatoes, Cream (),, Red Wine, British Beef (8%), Cheddar Cheese (), Smoked Bacon (Pork, Water, Salt, Preservatives: Sodium Nitrate, Sodium Nitrite, Potassium Nitrate, Antioxidant, Sodium Ascorbate*), British Pork (5%), Onions, Tomato PurÃ©e, Water, Carrots,Flour, Mozzarella Cheese (),, Sunflower Oil, Butter (), Balsamic Vinegar, Chicken Liver, Cornflour, Beef Stock (British Beef, Yeast Extract, Salt, Tomato PurÃ©e, Molasses, Lemon Juice Concentrate, Onion Powder), Garlic PurÃ©e, Fresh Parsley, Salt, Oregano, Sugar, Black Pepper, Star Anise, Nutmeg, White Pepper, *Don't worry, this is part of the traditional curing method of Smoked Bacon","['chicken', 'pork', 'cheese', 'butter', 'beef', 'egg', 'wine', 'tomato', 'onion']",9
"Water, British Beef (14%), Rice, Tomatoes, Red Kidney Beans, Red Peppers, Onions, Black-Eyed Beans, White Wine, Passata, Sweetcorn, Carrots, Cheddar Cheese (), Lemon Juice, Chorizo (Pork, Paprika, Salt, Garlic),, SunblushÂ® Tomatade (SunBlushÂ® Tomatoes, Tomato Concentrate, Sunflower Oil, Olive Oil, Salt, Oregano, Sugar, Garlic), Tomato PurÃ©e, Rapeseed Oil, Garlic PurÃ©e, Lime Juice, Soya Sauce (Water,Beans,, Salt, Alcohol), Honey, Beef Stock (British Beef, Yeast Extract, Salt, Tomato PurÃ©e, Molasses, Lemon Juice Concentrate, Onion Powder), Chicken Stock (Chicken, Dried Potato, Water, Yeast Extract, Salt, Chicken Fat), Cornflour, Parsley, Oregano, Red Pepper Flakes, Salt, Ground Cumin, Chipotle Chilli (Smoked Chipotle Chilli, Water, Vinegar, Sugar, Salt, Natural Flavouring, Garlic), Fortified Wheat Flour (Flour, Calcium Carbonate, Iron, Niacin, Thiamin), White Wine Vinegar, Ground Coriander, Smoked Paprika, Black Pepper, Chillies, Thyme, Paprika Oil, Ground Star Anise, Ground Bay Leaf","['potato', 'chicken', 'pork', 'cheese', 'beef', 'wine', 'tomato', 'onion', 'rice']",9
"Beef (15%), Cooked Free Range Egg Pasta Sheet (Water, DurumSemolina, Pasteurised Free Range, Pasteurised Free RangeAlbumen), Pork (15%), Tomatoes, Red Wine, Whole, Single Cream (), Tomato PurÃ©e, Onion, Cornflour, Smoked Bacon (Pork, Water, Salt, Preservatives (Sodium Nitrite, Potassium Nitrate), Antioxidant (Sodium Ascorbate)), Fortified Wheat Flour (Flour, Calcium Carbonate, Iron, Niacin, Thiamin), Carrot, Medium Mature Cheddar Cheese (), Extra Mature Cheddar Cheese (),, Rapeseed Oil, Skimmed, Butter (), Beef Extract, White Balsamic Vinegar (White Wine Vinegar, Grape Must), Oregano, Salt, Garlic PurÃ©e, Parmigiano Reggiano Cheese (), Caramelised Sugar Powder, Parsley, Sugar, Concentrated Onion Juice, Black Pepper, Nutmeg, White Pepper, Ground Bay","['pork', 'cheese', 'grape', 'butter', 'beef', 'egg', 'wine', 'tomato', 'onion']",9
"Potato, Tomatoes, Carrot, Minced Beef (12%), Red Onion, Water, Mature Cheddar Cheese (), Apple Juice,, Cornflour, Red Pepper, Apple Puree, Tomato Paste (Roasted Tomato, Sunflower Oil, Water, Tomato Paste, Spirit Vinegar, Sugar, Sea Salt, Dried Garlic, Ground Black Pepper, Rosemary, Dried Basil), Garlic Puree, Tomato Puree, Beef Stock (Beef Extract, Yeast Extract, Water, Salt), Thyme, Basil, Medium Fat Hard Cheese (), Rapeseed Oil, Butter (), Worcester Sauce (Water, Spirit Vinegar, Sugar, Salt, Tamarind Paste, Onion Powder, Garlic Powder, Lemon Juice Concentrate, Ground Ginger, Ground Cloves, Chilli Powder), Balsamic Vinegar (Wine Vinegar, Concentrated Grape Must), Ground Bay","['potato', 'grape', 'cheese', 'butter', 'beef', 'apple', 'wine', 'tomato', 'onion']",9
"Cooked Pasta (40%) (Water, DurumSemolina), Peas (21%), Broccoli (18%), Semi Skimmed, Water, Cheese (4%) (Processed Gorgonzola () (Water, Gorgonzola Cheese (), Blue Cheese (), Curd (), Butter (), Starch (Potato and Rice), Salt, Whey Powder (),Protein), Vegetarian Gouda () (contains Natural Colour: Beta-Carotene), Parmesan Cheese (contains)), Sunflower Oil, Onion, Rice Starch, White Wine,Flour, Salt, Vegetable Stock (Dextrose, Salt, Carrot, Onion, Leeks, Shallots, Tomato, Paprika), Spices","['potato', 'leeks', 'cheese', 'butter', 'wine', 'tomato', 'peas', 'onion', 'rice']",9
"Allergy Advice: For allergens see highlighted ingredientsPotato, Salmon (Fish) (15%), Coloured Smoked Cod (9%) (Cod (Fish), Salt, Colours (Annatto, Curcumin)), Haddock (Fish) (7%), West Country Mature Cheddar Cheese (Milk) (6%), Cabbage, Smoked Cod (6%) (Cod (Fish), Salt), Rapeseed Oil, Potato Flake, SkimmedMilk, Leek, Horseradish Sauce (Horseradish, Rapeseed Oil, Spirit Vinegar, Water, Sugar, Single Cream (Milk), Salt, DriedEgg, Stabiliser (Xanthan Gum),MustardFlour), Fortified Wheat Flour (WheatFlour, Iron, Thiamin, Nicotinic Acid, Calcium Carbonate), Wholegrain Mustard (Water,MustardSeed, White Wine Vinegar (White Wine Vinegar, Preservative (Sulphur Dioxide)), Salt, Cinnamon, Pimento), Salt, Smoked Salmon (Salmon (Fish), Salt), Shallot, Palm Oil, Maize Starch, Yeast Extract, Maltodextrin, Water, Sugar, Butter (Milk), Whey Protein Concentrate (Milk), Modified Maize Starch, Emulsifier (SoyaLecithins), Onion, Carrot, Tomato Powder, Tapioca Starch, Pepper Extract, Lovage, Stabiliser (Xanthan Gum)","['potato', 'maize', 'cheese', 'butter', 'fish', 'wine', 'tomato', 'milk', 'onion']",9
"Allergy Advice: For allergens see highlighted ingredientsPotato, Haddock (Fish) (19%), Smoked Haddock (18%) (Haddock (Fish), Salt, Colours (Curcumin, Annatto)), BÃ©chamel Sauce (SkimmedMilk, Salt, Palm Oil, Modified Maize Starch, Yeast Extract, Butter (Milk), Maltodextrin, Sugar, Whey Protein Concentrate (Milk), Emulsifier (SoyaLecithins), Water, Onion, Carrot, Tomato, Lovage)), Spinach, Rapeseed Oil, Naturally Apple Wood Smoked Cheddar Cheese (Milk) (5%), Shallot, Potato Flake, Smoked Salmon (1%) (Salmon (Fish), Salt), Dijon Mustard (Water, Spirit Vinegar,MustardFlour, Sea Salt,MustardHusk, Pimento, Turmeric), Fortified Wheat Flour (WheatFlour, Iron, Thiamin, Nicotinic Acid, Calcium Carbonate), Salt, Pepper Extract","['potato', 'maize', 'cheese', 'butter', 'apple', 'fish', 'tomato', 'milk', 'onion']",9
"Allergy Advice: For allergens see highlighted ingredientsCooked Risotto Rice (Water, Risotto, Rice), Tomato, Onion, Cooked Marinated Chicken (7%) (Chicken (97%), Rapeseed Oil, Spices, Salt), Roasted Piquillo Red Peppers, King Prawn (King Prawn (Crustaceans), Water, Salt), Petits Pois, White Wine, Vegetable Oils (Rapeseed, Extra Virgin Olive), Chorizo (Pork, Salt, Paprika, Smoked Paprika, Garlic, Preservatives (Sodium Nitrite, Potassium Nitrate), Rosemary Extract), Water, Garlic, Tomato PurÃ©e, Spices, Garlic PurÃ©e, Cornflour, Salt, Fish Stock (Cod (Fish), Salt, Water, Mussels (Molluscs), Shallot White Wine, Olive Oil, Maize Starch, Onion Powder, Black Pepper)","['chicken', 'pork', 'maize', 'wine', 'tomato', 'rice', 'fish', 'onion', 'crustaceans']",9
"Allergy Advice: For allergens see highlighted ingredientsCooked Risotto Rice (37%) (Water, Risotto Rice), Tomato, Onion, Cooked Marinated Chicken (7%) (Chicken (97%), Rapeseed Oil, Spices (Paprika, Smoked Paprika, White Pepper), Salt), Roasted Piquillo Red Peppers, King Prawn (5%) (King Prawn (Crustaceans), Water, Salt), Petits Pois, White Wine, Vegetable Oils (Rapeseed, Extra Virgin Olive), Chorizo (3%) (Pork (95%), Salt, Paprika, Smoked Paprika, Garlic, Preservatives (Sodium Nitrite, Potassium Nitrate), Rosemary Extract), Water, Garlic, Tomato PurÃ©e, Spices, Garlic PurÃ©e, Cornflour, Salt, Fish Stock (Cod (Fish), Salt, Water, Mussels (Molluscs), Shallot, White Wine, Olive Oil, Maize Starch, Onion Powder, Black Pepper)","['chicken', 'pork', 'maize', 'wine', 'tomato', 'rice', 'fish', 'onion', 'crustaceans']",9
"Allergy Advice: For allergens see highlighted ingredientsWater, Shredded Chicken (21%) (Chicken Breast (97%), Rice Starch, Salt, Dextrose, Glucose Syrup), Tortillas (Fortified Wheat Flour (WheatFlour, Calcium Carbonate, Iron, Niacin, Thiamin), Water, Rapeseed Oil, Dextrose, Sugar, Salt), Long Grain Rice, Onion, Tomato Paste, Rapeseed Oil, Red Pepper, Mature Cheddar Cheese (Cheese (Milk), Potato Starch), Garlic, Sweetcorn, Spices (containMustard), Black Turtle Beans, Sugar, Butter (Milk), Chipotle Chilli, Cornflour, Herbs, Red Chilli, Sunflower Oil, Salt, Concentrated Pineapple Juice, Chicken Extract, White Wine Vinegar, Sun Dried Tomato, Spirit Vinegar, Garlic Oil, Olive OIl, Dried Garlic, Concentrated Onion Juice, Basil Extract","['potato', 'chicken', 'cheese', 'butter', 'wine', 'tomato', 'milk', 'onion', 'rice']",9
"Allergy Advice: For allergens see highlighted ingredientsMinced Beef and Tomato Sauce (55%) (Minced Beef (25%), Water, Tomatoes, Onion, Tomato Puree, Red Pepper, Carrots, Cornflour, Garlic Puree, Worcester Sauce (Water, Spirit Vinegar, Sugar, Salt, Tamarind Paste, Onion Powder, Garlic Powder, Lemon Concentrate, Ground Ginger, Ground Cloves, Chilli Powder), Beef Stock (Beef Brisket, Water, Salt, Yeast Extract, Molasses, Tomato Paste, Natural Flavouring, Dried Onion Powder, Cornflour, Lemon Juice, Carob Powder), Agave Syrup, Dried Basil, Dried Oregano, Black Pepper, Dried Thyme), Dairy Free BÃ©chamel Sauce (36%) (Coconut Milk, Water, Dairy Free Style Cheese (Water, Coconut Oil, Modified Potato Starch, Maize Starch, Gluten FreeOatFibre, Modified Maize Starch, Thickeners (Carrageenan, Guar Gum), Salt, Natural Flavourings, Yeast Extract, Acidity Regulators (Lactic Acid, Sodium Lactate), Colour (Mixed Carotenes)), Cornflour, Tapioca Starch, White Pepper, Ground Nutmeg), Gluten Free Lasagne Sheets (8.8%) (Cornstarch,Egg,EggWhites, Rice Flour, Water, Vegetable Fibre, Thickeners (Guar Gum, Hydroxypropyl - Methylcellulose, Xanthan Gum), Extra Virgin Olive Oil)","['potato', 'maize', 'cheese', 'beef', 'egg', 'tomato', 'milk', 'onion', 'rice']",9
"Allergy Advice: For allergens see highlighted ingredientsMinced Beef and Tomato Sauce (56%) (Minced Beef (25%), Water, Tomatoes, Onion, Tomato PurÃ©e, Red Pepper, Mushrooms, Carrots, Cornflour, Garlic PurÃ©e, Worcester Sauce (Water, Spirit Vinegar, Sugar, Salt, Tamarind Paste, Onion Powder, Garlic Powder, Lemon Concentrate, Ground Ginger, Ground Cloves, Chilli Powder), Beef Stock (Beef Brisket, Water, Salt, Yeast Extract, Molasses, Tomato Paste, Natural Flavouring, Dried Onion Powder, Cornflour, Lemon Juice, Carob Powder), Agave Syrup, Dried Basil, Ground Black Pepper, Dried Oregano, Dried Thyme), Dairy Free Bechamel Sauce (33%) (Coconut Milk, Dairy Free Style Cheese (Water, Coconut Oil, Modified Potato Starch, Maize Starch, Gluten FreeOatFibre, Modified Maize Starch, Thickeners (Carrageenan, Guar Gum), Salt, Natural Flavourings, Yeast Extract, Acidity Regulators (Lactic Acid, Sodium Lactate), Colour (Mixed Carotenes)), Cornflour, Water, Tapioca Starch, Salt, White Pepper, Ground Nutmeg), Gluten Free Lasagne Sheets (11%) (Cornstarch,Egg,EggWhites, Rice Flour, Water, Vegetable Fibre, Thickeners (Guar Gum, Hydroxypropyl - Methylcellulose, Xanthan Gum), Extra Virgin Olive Oil)","['potato', 'maize', 'cheese', 'beef', 'egg', 'tomato', 'milk', 'onion', 'rice']",9
"Allergy Advice: For allergens see highlighted ingredientsReconstituted Mashed Potato (51%) (Water, Potato Flakes (Potato, Turmeric), Yeast Extract, White Pepper), Minced Beef Gravy (46%) (Water, Minced Beef (25%), Carrot, Onion, Modified Maize Starch, Peas,Celery, Wheat Flour (WheatFlour, Calcium Carbonate, Iron, Niacin and Thiamin), Flavouring (Starch, Flavourings, Salt, Colour (Paprika Extract), Sugar, Maltodextrin, Sunflower Oil), Tomato PurÃ©e, Salt, Caramelised Sugar, Yeast Extract, Beef Stock (Water, Yeast Extract, Beef Stock, Sugar, Salt, Caramelised Sugar, Mushroom Concentrate, Red Wine Extract, Cornflour, Flavourings, Black Pepper, Aniseed), Sugar, Onion Powder, Black Pepper, Ground Bay Leaf,WheatGluten), Cheese Crumb Topping (2.7%) (Cheddar Cheese (Milk), Breadcrumbs (Wheat Flour (WheatFlour, Calcium Carbonate, Iron, Niacin and Thiamin), Yeast Extract, Salt, Dextrose)","['potato', 'maize', 'cheese', 'beef', 'wine', 'tomato', 'peas', 'milk', 'onion']",9
"Allergy Advice: For allergens see highlighted ingredientsPotato (26%),WheatFlour, Water, Cheese (10%) (Cheese (Milk), Potato Starch, Colours (Annatto, Carotenes), Preservative (Sodium Nitrate), Firming Agent (Calcium Chloride)), Ham (8%) (Pork (69%), Water, Stabilisers (Triphosphates, Sodium Phosphates), Smoke Flavouring, Dextrose, Salt, Flavouring, Antioxidants (Ascorbic Acid, Sodium Ascorbate), Preservative (Sodium Nitrite)), Sunflower Oil, Dextrin,EggYolk, Salt, Dextrose, Pea Flour, Butter (Milk), Yeast, Sugar,WheatStarch, Flavouring, Pea Protein, Potato Starch,RyeFlour,WheatGluten, Rice Starch,MilkPowder, Beef Gelatine, Spices, Raising Agents (Diphosphates, Sodium Carbonates), Caramelised Sugar, Emulsifier (Citric Acid Esters of Mono-and Diglycerides of Fatty Acids), Colours (Paprika Extract, Carotenes), Garlic Powder, Onion Powder, Tomato Powder, Preservatives (Potassium Sorbate, Sodium Nitrite, Sodium Acetates, Potassium Lactate), Acidity Regulator (Citric Acid), Glucose Syrup, Smoke Flavouring, Pork, Antioxidant (Sodium Ascorbate, Sodium Citrates), Herbs, Garlic, Bell Pepper, Onion","['potato', 'pork', 'cheese', 'butter', 'beef', 'tomato', 'milk', 'onion', 'rice']",9
"Allergy Advice: For allergens see highlighted ingredientsWater, SautÃ©ed Potatoes (24%) (Potato, Sunflower Oil, Rice Flour, Potato Starch, Dextrin, Salt, Dextrose, Turmeric), Chargrilled Chicken Breast Pieces (11%) (Chicken Breast, Corn Starch, Salt), Half Cream (Milk), Ham Hock (8%) (Pork, Salt, Stabiliser (Diphosphates, Triphosphates), Antioxidant (Sodium Ascorbate), Preservative (Sodium Nitrite)), Onion, Fortified Wheat Flour (WheatFlour, Iron, Thiamin, Nicotinic Acid, Calcium Carbonate), Kentish Cider, Leek (2%), Regato Cheese (Milk), Olive Oil, Cornflour, Parsley, Garlic, Unsalted Butter (Milk), Onion Powder, Yeast Extract, Rapeseed Oil,MustardSeed,BarleyMalt Vinegar, Salt, Sugar, Spirit Vinegar, Yeast, Flavouring, Chicken Extract, Black Pepper, Thickener (Agar), White Pepper, Sea Salt, White Wine Vinegar, Spices","['potato', 'chicken', 'pork', 'cheese', 'butter', 'wine', 'milk', 'onion', 'rice']",9
"INGREDIENTS:guinea fowl (80%), pork shoulder (6%), Sprucewood smoked dry cured streaky bacon (3%) (pork belly, salt, preservatives (potassium nitrate, sodium nitrite), antioxidant (sodium ascorbate)), dried apricots, unsalted butter (milk), sugar, red onion, water, onion, dried cranberries, pea flakes, potato starch, sherry (0.3%), muscovado sugar, salt, rice flour, white wine vinegar, sage, wine vinegar, bay leaf, redcurrant juice from concentrate, parsley, maize starch, grape must, white pepper, ginger, thyme, basil, preservative (sodiummetabisulphite), sunflower oil, sea salt, gelling agent (pectin), black pepper.","['potato', 'pork', 'maize', 'grape', 'butter', 'wine', 'milk', 'onion', 'rice']",9
"INGREDIENTS:Tomato tortilla wrap (fortified wheat flour (wheatflour, calcium carbonate, iron, niacin, thiamin), water, palm oil, rapeseed oil, raising agents (sodium hydrogen carbonate, disodium diphosphate, malic acid), tomato powder, sugar, pepper, paprika, salt, basil,wheatstarch), mozzarella cheese (milk) (23%), roasted tomatoes (8%) (roasted tomatoes, rapeseed oil, salt, garlic, oregano), rocket, water, basil pesto (sunflower oil, basil, vegetarian medium fat hard cheese (milk), salt, antioxidant (ascorbic acid), acidity regulator (citric acid), rapeseed oil, basil, cornflour, pasteurised free rangeegg, spirit vinegar, black pepper, sugar, thickener (pectin), concentrated lemon juice.INGREDIENTS:Spinach wrap (fortified wheat flour (wheatflour, calcium carbonate, iron, niacin, thiamin), water, palm oil, spinach, parsley, rapeseed oil, sugar, raising agents (sodium bicarbonate, sodium phosphates, malic acid) salt,wheatstarch), chana masala (15%) (spinach, water, shallots, chickpeas, tomatoes, sugar, mango, tomato juice, spirit vinegar, red chilli purÃ©e, garlic purÃ©e, salt, ginger purÃ©e, rapeseed oil, cumin, cornflour, lemon juice, coriander powder, cumin seeds, brownmustardseeds, cardamom powder, turmeric powder, fenugreek, fennel seeds, coriander, clove powder, chilli powder, garlic, oregano, cinnamon, black pepper, ginger, cloves), onion bhaji (11%) (onion, rapeseed oil, fortified wheat flour (wheatflour, calcium carbonate, iron, niacin, thiamin), maize flour, yellow split peas, chickpeas, coriander, salt, ginger purÃ©e, fenugreek, cumin powder, cumin seeds, chilli powder, raising agent (sodium bicarbonate), turmeric, coriander powder, ginger powder, black pepper, clove powder, cardamom powder, nutmeg, star anise), red peppers, spinach, chickpeas (7%), coconut mayonnaise (rapeseed oil, water, coconut extract, pasteurised free rangeeggyolk, sugar, white wine vinegar, desiccated coconut, salt, cornflour), water, cornflour.INGREDIENTS:Wheat tortilla wrap (fortified wheat flour (wheatflour, calcium carbonate, iron, niacin, thiamin), water, palm oil, rapeseed oil, raising agents (sodium hydrogen carbonate, malic acid, disodium diphosphate), sugar, salt,wheatstarch), mature Cheddar cheese (milk) (23%), pickle (10%) (carrots, sugar, swede, onion,barleymalt vinegar, water, spirit vinegar, cauliflower, tomato paste, apple pulp, dates, salt, modified maize starch, rice flour, colour (sulphiteammonia caramel), onion powder, concentrated lemon juice, spices, colouring food (roastedbarleymalt extract), spice and herb extracts (herb extract), lettuce, mayonnaise (water, rapeseed oil, pasteurised free rangeegg, cornflour, spirit vinegar, sugar, thickener (pectin), concentrated lemon juice), tomato, water, rapeseed oil, cornflour, salt, garlic, oregano.INGREDIENTS:Chilli wrap (fortified wheat flour (wheatflour, calcium carbonate, iron, niacin, thiamin), water, palm oil, sugar, rapeseed oil, raising agents (sodium carbonate, malic acid, disodium diphosphate), onion powder, chilli, salt, red bell peppers, garlic powder, spice extracts, colour (paprika extract), cumin,wheatstarch, oregano, garlic), salsa (12%) (tomato, water, sugar, red wine vinegar, tomato paste, green pepper, cornflour, spirit vinegar, blackmustardseeds, onion powder, black pepper, cayenne pepper), kidney beans (10%), pinto beans (7%), black eyed beans (7%), lettuce, yellow peppers, red peppers, red onion, water, coriander, cornflour.","['maize', 'cheese', 'apple', 'wine', 'tomato', 'peas', 'milk', 'onion', 'rice']",9
"INGREDIENTS:fortified wheat flour (wheatflour, calcium carbonate, iron, niacin, thiamin), water, low fat soft cheese (milk), tomato, lemon and thyme roasted vegetables (6%) (red pepper, yellow pepper, red onion, courgette, sunflower oil, wine vinegar, grape must, lemon zest, thyme, colour (sulphite ammonia caramel)), Brie cheese (milk) (4%), goats cheese (milk) (4%), gooseberry chutney (gooseberries, onion, sugar, water, concentrated apple juice, cider vinegar, cornflour, gelling agent (pectin), salt, ginger purÃ©e), feta cheese (milk) (3%), sunflower oil, semi dried roasted tomatoes (3%) (tomato, sunflower oil, salt, garlic, oregano), mozzarella cheese (milk) (3%), barmarked yellow peppers (yellow pepper, rapeseed oil), grapes (2%), Taggiasca olives, tomato purÃ©e, basil, olive oil, tomatoes, sugar, medium fat hard cheese (milk), apples, pine nuts (1.0%),barleymalt vinegar, redcurrants, extra virgin olive oil, salt, durumwheatsemolina, red onion, single cream (milk), sultanas (sultanas, sunflower oil), yeast, lemon juice, sun dried tomato, onion, balsamic vinegar (wine vinegar, grape must, colour (sulphite ammonia caramel)), maltedbarleyflour, white wine vinegar, black pepper, ground ginger, garlic powder, marjoram, oregano, thyme, parsley.","['nuts', 'grape', 'cheese', 'olives', 'apple', 'wine', 'tomato', 'milk', 'onion']",9
"Pork (25%), FORTIFIED WHEAT FLOUR (wheatflour, calcium carbonate, iron, niacin, thiamin), water, Cheddar cheese (milk) (9%), CHORIZO (5%) (pork, water, salt, lactose (milk), paprika, maize dextrose, sugar,milkproteins, garlic, colour paprika extract, acidity regulator sodium citrates, spices, antioxidant sodium erythorbate, rosemary extract, preservative sodium nitrite, starter culture, presevative potassium nitrate), RUSK (FORTIFIED WHEAT FLOUR (wheatflour, calcium carbonate, iron, niacin, thiamin), salt, raising agent ammonium carbonates), diced red pepper, sugar, pasteurised free rangeegg, onion, butter (milk), skimmedmilkpowder, paprika, yeast, salt, white wine vinegar, tomato paste, cornflour, potato starch, garlic purÃ©e, maize dextrose, onion powder, stabiliser diphosphates, black pepper, chilli powder, marjoram, parsley, concentrated lemon juice","['potato', 'maize', 'pork', 'cheese', 'butter', 'wine', 'tomato', 'milk', 'onion']",9
"INGREDIENTS:Aberdeen Angus beef (56%), fortified wheat flour (wheatflour, calcium carbonate, iron, niacin, thiamin), mozzarella cheese (milk) (6%), water, red peppers, yellow peppers, palm oil, semi dried cherry tomato, rice flour, rehydrated (potato), sun dried tomato, rapeseed oil, salt, olive oil, white wine vinegar, sunflower oil, sea salt, green olives, garlic purÃ©e, maize starch, capers, paprika, preservatives sodiumsulphite, potassium sorbate, black pepper, rosemary, maize dextrose, antioxidant sodium ascorbate.","['potato', 'maize', 'cheese', 'beef', 'olives', 'wine', 'tomato', 'milk', 'rice']",9
"INGREDIENTS:white bread with added wholemeal (fortified wheat flour (wheatflour, calcium carbonate, iron, niacin, thiamin), water, wholemealwheatflour, yeast, salt, spirit vinegar,wheatprotein, emulsifiers (mono- and diglycerides of fatty acids, mono- and diacetyl tartaric acid esters of mono- and diglycerides of fatty acids), preservative (calcium propionate), rapeseed oil, palm fat, palm oil), tuna (fish) (31%), sweetcorn (10%), mayonnaise (rapeseed oil, water, pasteurised free rangeeggyolk, spirit vinegar, sugar, cornflour, concentrated lemon juice, salt), reduced fat mayonnaise (water, rapeseed oil, spirit vinegar, cornflour, pasteurised free rangeeggyolk, sugar, citrus fibre, stabiliser (pectin), salt, concentrated lemon juice), black pepper.INGREDIENTS:wholemeal bread (wholemealwheatflour, water, yeast, salt,wheatprotein, spirit vinegar, emulsifiers (mono- and diglycerides of fatty acids, mono- and diacetyl tartaric acid esters of mono- and diglycerides of fatty acids), rapeseed oil, palm fat, palm oil), cucumber (19%), wild red salmon (16%) (sockeye salmon (fish), salt), wild pink salmon (15%) (pink salmon (fish), salt), lemon vinaigrette (rapeseed oil, water, white wine vinegar, spirit vinegar, sugar, parsley, lemon zest, cornflour,mustardseeds, concentrated lemon juice, salt, cracked black pepper, garlic powder, ground black pepper), black pepper.INGREDIENTS:oatmeal bread (fortified wheat flour (wheatflour, calcium carbonate, iron, niacin, thiamin), water,oatmeal,wheatbran, yeast, salt,wheatprotein, spirit vinegar, emulsifiers (mono- and diglycerides of fatty acids, mono- and diacetyl tartaric acid esters of mono- and diglycerides of fatty acids), rapeseed oil, maltedbarleyflour, palm oil, palm fat), Scottish smoked salmon (28%) (salmon (fish), salt, demerara sugar), reduced fat soft cheese (milk) (12%), full fat soft cheese (milk) (12%), unsalted butter (milk), black pepper, concentrated lemon juiceINGREDIENTS:oatmeal bread (fortified wheat flour (wheatflour, calcium carbonate, iron, niacin, thiamin), water,oatmeal,wheatbran, yeast, salt,wheatprotein, spirit vinegar, emulsifiers (mono- and diglycerides of fatty acids, mono- and diacetyl tartaric acid esters of mono- and diglycerides of fatty acids), rapeseed oil, maltedbarleyflour, palm oil, palm fat), prawns (crustaceans) (38%), mayonnaise (rapeseed oil, water, pasteurised free rangeeggyolk, spirit vinegar, sugar, cornflour, concentrated lemon juice, salt), black pepper.","['bread', 'cheese', 'citrus', 'butter', 'fish', 'oatmeal', 'wine', 'milk', 'crustaceans']",9
"INGREDIENTS:Malted bread (fortified wheat flour (wheatflour, calcium carbonate, iron, niacin, thiamin), water, maltedwheatflakes,wheatbran,wheatprotein, yeast, maltedbarleyflour, salt, emulsifiers (mono- and diglycerides of fatty acids, mono- and diacetyl tartaric acid esters of mono- and diglycerides of fatty acids), spirit vinegar, maltedwheatflour, rapeseed oil, flour treatment agent (ascorbic acid), palm fat,wheatflour, palm oil,wheatstarch), mature Cheddar cheese (milk) (30%), pickle (10%) (carrots, sugar, swede, onion,barleymalt vinegar, water, spirit vinegar, cauliflower, tomato paste, apple pulp, dates, salt, modified maize starch, rice flour, colour (sulphiteammonia caramel), onion powder, concentrated lemon juice, spices, colouring food (roastedbarleymalt extract), spice and herb extracts), butter (milk).","['bread', 'cheese', 'maize', 'butter', 'apple', 'tomato', 'milk', 'onion', 'rice']",9
"British Free Range Chicken (19%),Milk, Rice Flour ,Butter, Leek (7%), DoubleCream, Ham (5%) (British Free Range Pork Leg, Salt, Preservatives (Potassium Nitrate, Sodium Nitrite)), Onion, CheddarCheese, Maize Starch, Cornflour, White Wine, Tapioca Starch,SoyaFlour, Free RangeEgg, Garlic, Vegetable Fibre, Wholegrain Mustard (Water,MustardSeeds, Spirit Vinegar, Salt, White Wine Vinegar, Sugar, Spices), Maltodextrin, Salt, Thickener (Cellulose), Natural Flavouring, Potato Starch, Raising Agents (Sodium Acid Pyrophosphate, Sodium Bicarbonate), Sugar, Chive, Black Pepper, Dried Onion, Thyme","['potato', 'chicken', 'pork', 'maize', 'butter', 'wine', 'milk', 'onion', 'rice']",9
"Carrots (14%), Cauliflower (14%), Onion, Chopped Tomatoes (Tomatoes, Tomato Juice, Acidity Regulator: Citric Acid), Potato (12%),WheatFlour (WheatFlour, Calcium Carbonate, Iron, Niacin, Thiamin), Water, Double Cream (Milk), Spinach (7%), Vegetable Oils (Sustainable Palm Oil*, Rapeseed Oil),SpeltFlour, Apricots (3%) (Apricots, Rice Flour, Preservative:Sulphur Dioxide), Rapeseed Oil, Balsamic Onion Chutney (2%) (Red Onions, Red Wine Vinegar, White Onions, Demerara Sugar, Muscovado Sugar, Cornflour, Balsamic Vinegar (Wine Vinegar, Concentrated Grape Must), Salt, Ground Black Pepper), Medium Fat Hard Cheese (Milk), Red Split Lentils, Butter (Milk), Garlic PurÃ©e,WheatFlour, Salt, Coriander, Golden Linseeds (<1%), Brown Linseeds (<1%), Vegetable Stock, Poppy Seeds (<1%), Curry Powder (<1%) (containsMustard), Ground Cayenne Pepper (<1%), Ground Paprika (<1%)","['potato', 'grape', 'cheese', 'butter', 'wine', 'tomato', 'milk', 'onion', 'rice']",9
"INGREDIENTS:potato, beef (17%), water, onion, carrot, leeks,celery, cornflour, rapeseed oil, Cheddar cheese (milk), rice flour, salted butter (milk), fortified wheat flour (wheatflour, calcium carbonate, iron, niacin, thiamin), gram flour, garlic purÃ©e, beef extract,milk, salt, caramelised sugar, thyme, sugar, spirit vinegar, molasses, onion purÃ©e, black pepper, caramel syrup, tamarind paste, white pepper, yeast extract, maize starch, potato starch, ginger purÃ©e, ground bay leaves dextrose anhydrous, acetic acid, cloves, garlic extract.","['potato', 'leeks', 'maize', 'cheese', 'butter', 'beef', 'milk', 'onion', 'rice']",9
"INGREDIENTS:chicken breast (30%), potato, water, carrot, peas, fortified wheat flour (wheatflour, calcium carbonate, iron, niacin, thiamin), pork, white wine, rapeseed oil, cornflour, onion, pork fat, pork rind, pasteurised free rangeegg, pasteurised free rangeeggwhite, chicken extract, tomato purÃ©e, garlic purÃ©e, butter (milk), salt, skimmedmilkpowder, vegetable juice (carrot, mushroom, onion), sage, black pepper, white pepper, sugar, parsley, caramelised sugar powder, yeast extract, thyme, ground bay, yeast, rosemary extract.","['potato', 'chicken', 'pork', 'butter', 'wine', 'tomato', 'peas', 'milk', 'onion']",9
"INGREDIENTS:Sliced beef (26%), onion, water, red pepper, blacksoyabean, spring onion, garlic, sugar, ginger purÃ©e, rice wine, rapeseed oil, cornflour, salt, chicken extract, concentrated pineapple juice, treacle, chopped red chilli, fermentedsoyabean,wheat, cane molasses, yeast extract, fortified wheat flour (wheatflour, calcium carbonate, iron, niacin, thiamin), rice vinegar, onion concentrate.INGREDIENTS:Vegetables (39%) (bean sprouts, carrot, black fungus mushrooms, water chestnut, spring onion), fortified wheat flour (wheatflour, calcium carbonate, iron, niacin, thiamin), water, rapeseed oil, rice flour, ginger purÃ©e, garlic purÃ©e, sugar, salt, chopped coriander, red chilli, fermentedsoyabean, ground fennel, rice vinegar, white pepper, ground cassia, ground star anise,wheat,wheatflour, onion powder, cornflour, liquorice powder, ground cloves, mushroom extract, ground ginger, potato starch, yeast extract, carrot powder, dried parsley,celeryextract, onion extract, parsley extract, turmeric extract.INGREDIENTS:Cooked free range egg noodles (water, fortified wheat flour (wheatflour, calcium carbonate, iron, niacin, thiamin), toastedsesame seedoil, rapeseed oil, pasteurised free rangeegg, salt, turmeric, paprika), sliced chicken breast (16%), savoy cabbage, black fungus mushrooms, carrot, bean sprouts, rice wine, onion, water, ginger purÃ©e, cornflour, rapeseed oil, garlic, sugar, fermentedsoyabean, salt, treacle, chicken extract,wheat, fermented rice, toastedsesame seedoil, rice vinegar, cane molasses, fortified wheat flour (wheatflour, calcium carbonate, iron, niacin, thiamin),wheatflour, onion concentrate, shallot, dried red chilli, rice bran oil, colour plain caramel, garlic powder, tapioca starch, red rice koji, spices, oyster extract (mollusc), rice flour, chilli powder, sunflower oil, rosemary extract.INGREDIENTS:Cooked rice (water, long grain rice, broken long grain rice, onion, spring onion, rapeseed oil, ginger purÃ©e, toastedsesame seedoil, salt), pasteurised free rangeegg(16%), petits pois, rapeseed oil, salt.INGREDIENTS:Sliced chicken breast (23%), pineapple, water, red pepper, rice vinegar, sugar, ginger purÃ©e, rapeseed oil, tomato purÃ©e, cornflour, garlic purÃ©e, rice wine, concentrated pineapple juice, fermentedsoyabean, spirit vinegar, salt, fermented rice, colour paprika extract,wheat, cane molasses, onion purÃ©e, tamarind paste, cinnamon, cayenne pepper, ground clove.","['potato', 'chicken', 'beef', 'egg', 'wine', 'tomato', 'cane', 'onion', 'rice']",9
"INGREDIENTS:Half fat cream (milk), diced chicken breast (30%), onion, yogurt (milk), tomato paste, rapeseed oil, low fat natural yogurt (milk), groundcashew nuts, ginger purÃ©e, garlic purÃ©e, sugar, paprika, salt, chopped coriander, butter (milk), ground coriander, oak smoked water, cumin, cornflour, turmeric, ground fenugreek leaf, green chilli, chilli powder, cinnamon, colour (paprika extract), ground ginger, white pepper, clove, ground bay leaf, nutmeg, cardamom.INGREDIENTS:Diced chicken breast (28%), onion, yogurt (milk), coconut extract, half fat cream (milk), low fat natural yogurt (milk), rapeseed oil, desiccated coconut, groundalmonds, ginger purÃ©e, tomato paste, garlic purÃ©e, chopped coriander, groundcashew nuts, salt, ground coriander, sugar, cumin, cornflour, turmeric, paprika, cardamom, mace, ground fenugreek leaf, cinnamon, ground ginger, white pepper, clove, chilli powder, nutmeg, ground bay leaf.INGREDIENTS:Water, basmati rice, onion, rapeseed oil, salt, turmeric, cumin seeds, cardamom pods, cardamom, whole cloves, black peppercorns.INGREDIENTS:Potato (52%), onion, tomato paste, rapeseed oil, garlic purÃ©e, ginger purÃ©e, salt, chopped coriander, ground coriander, cumin, turmeric, paprika,mustardseeds, cumin seeds, asafoetida, fennel, white pepper, chilli powder,mustardpowder, ground fenugreek leaf, ground yellow split peas, ground fenugreek, potato starch, cinnamon, ground ginger, ground split chickpeas, clove, nutmeg, cardamom, ground bay leaf.INGREDIENTS:Fortified wheat flour (wheatflour, calcium carbonate, iron, niacin, thiamin), water, rapeseed oil, yeast, low fat natural yogurt (milk), palm oil, spirit vinegar, raising agents (disodium diphosphate, sodium bicarbonate, calcium phosphates), salt, kalonji seeds.INGREDIENTS:COOKED RICE (water, basmati rice), onion, rapeseed oil, salt, turmeric, whole cloves, black peppercorns, cardamom pods, cassia bark, cumin seeds, ground cardamomINGREDIENTS:Fortified wheat flour (wheatflour, calcium carbonate, iron, niacin, thiamin), water, rapeseed oil, yeast, low fat yogurt (milk), palm oil, spirit vinegar, raising agents disodium diphosphate, sodium bicarbonate and calcium phosphates, kalonji seeds, salt.","['potato', 'chicken', 'onion', 'butter', 'tomato', 'peas', 'milk', 'nuts', 'rice']",9
"INGREDIENTS:Water, bomba rice, tomato, cooked marinated prawns (13%) (prawns (crustaceans), rapeseed oil, cornflour, chopped parsley, flaked paprika, smoked paprika), diced chicken breast (10%), onion, red pepper, peas, chorizo (4%) (pork, smoked paprika, salt, garlic, preservatives (sodium nitrite, potassium nitrate), rosemary extract), white wine, garlic purÃ©e, olive oil, rapeseed oil, chopped parsley, cod fish extract (fish), chicken extract, cornflour, smoked paprika, salt, tomato paste, sugar, mussel extract (molluscs), chopped thyme, carrot concentrate, onion concentrate, crab extract (crustacean), lobster extract (crustacean), turmeric, paprika, lemon juice, black pepper, dried garlic, chopped sage, chilli powder, cumin, ground ginger, pimento, crackedmustardseeds, ground coriander, white pepper, dried parsley, dried oregano, saffron, dried thyme, fennel, dried marjoram.","['chicken', 'pork', 'wine', 'tomato', 'rice', 'peas', 'fish', 'onion', 'crustaceans']",9
"Spaghetti (Water, DurumWheatSemolina, Sunflower Oil, Salt), Tomatoes, British Beef (8%), Red Wine (Sulphur Dioxide), Smoked Bacon (5%) (Pork, Water, Salt, Preservatives: Sodium Nitrite, Sodium Nitrate and Potassium Nitrate, Antioxidant: Sodium Ascorbate*), British Pork (5%), Onions, Tomato PurÃ©e, Semi SkimmedMilk, Carrots, Parmigiano Reggiano Cheese (Milk), Passata,Celery, Rapeseed Oil, Fortified Wheat Flour (WheatFlour, Calcium Carbonate, Iron, Niacin, Thiamin), Balsamic Vinegar of Modena (Wine Vinegar, Concentrated Grape Must,SulphiteAmmonia Caramel), Chicken Liver, Extra Virgin Olive Oil, Beef Stock (British Beef, Yeast Extract, Salt, Tomato PurÃ©e, Molasses, Lemon Juice from Concentrate, Onion Powder), Garlic PurÃ©e, Parsley, Roasted Tomato Sauce (Semi-Dried Tomatoes, Sunflower Oil, Tomato Paste, Extra Virgin Olive Oil, Sugar, Salt, Dried Oregano, Dried Garlic), Red Pepper Flakes, Oregano, Sugar, Salt, Honey, Black Pepper, Vegetarian Worcestershire Sauce (Water, Sugar, Spirit Vinegar, Molasses, Onion PurÃ©e, Salt, Tamarind Paste, Cloves, Ginger PurÃ©e, Garlic PurÃ©e), Ground Nutmeg, Ground Star Anise, *Don't worry, this is part of the traditional curing method of Smoked Bacon","['chicken', 'pork', 'cheese', 'grape', 'beef', 'wine', 'tomato', 'milk', 'onion']",9
"INGREDIENTS:Durumwheatsemolina, water, beef (11%), portobello mushrooms, red wine (7%), onion, wheat flour fortified (wheatflour, calcium carbonate, iron, niacin, thiamin), pasteurised free rangeegg(5%), medium fat hard cheese (milk), dried potato, butter (milk), beef stock, tomato purÃ©e, maize starch, garlic purÃ©e, sugar, sea salt, carrot, salt, porcini mushrooms, red wine vinegar, leek, thyme, brown sugar, garlic, ground black pepper, rosemary, bay leaf, yeast.","['potato', 'maize', 'cheese', 'butter', 'beef', 'wine', 'tomato', 'milk', 'onion']",9
"INGREDIENTS:malted bread (fortified wheat flour (wheatflour, calcium carbonate, iron, niacin, thiamin), water, maltedwheatflakes,wheatbran,wheatprotein, yeast, maltedbarleyflour, salt, emulsifier (mono- and diglycerides of fatty acids, mono- and diacetyl tartaric acid esters of mono- and diglycerides of fatty acids), spirit vinegar, maltedwheatflour, rapeseed oil, flour treatment agent (ascorbic acid), palm fat, palm oil,wheatstarch), roasted chicken breast (25%) (chicken breast, salt, cornflour), tomato, Caesar dressing (water, Grated Hard Cheese [milk, salt, potato starch, animal rennet, starter culture], cornflour, garlic, spirit vinegar, rapeseed oil, sugar, red wine vinegar, concentrated lemon juice, parsley, chives, salt, black pepper,mustardseeds, preservative (sorbic acid)), apollo lettuce, Caesar mayonnaise (rapeseed oil, Parmigiano Regano Cheese [unpasteurised cowsmilk, potato starch, salt, animal rennet], water, free range pasteurised egg, garlic purÃ©e, red wine vinegar, spirit vinegar, lemon juice from concentrate, cornflour, salt, blackmustardseeds, sugar, chives, parsley, cracked black pepper, yellowmustardflour, anchovy (fish), sunflower oil), black pepper.","['potato', 'chicken', 'bread', 'cheese', 'egg', 'wine', 'tomato', 'fish', 'milk']",9
"INGREDIENTS:Full creammilk, FREE RANGE EGG PASTA (durumwheatsemolina, water, pasteurised free rangeegg), beef (14%), tomato, water, pork (6%), onion, carrot, red wine, tomato purÃ©e, regato cheese (milk),celery, unsalted butter (milk), FORTIFIED WHEAT FLOUR (wheatflour, calcium carbonate, iron, niacin, thiamin), cornflour, salt, rapeseed oil, beef extract, garlic purÃ©e, sugar, basil, oregano, black pepper, white pepper, bay, clove, nutmeg","['pork', 'cheese', 'butter', 'beef', 'egg', 'wine', 'tomato', 'milk', 'onion']",9
"INGREDIENTS:Potato, PORK SAUSAGES (24%) (British pork, rusk (FORTIFIED WHEAT FLOUR (wheatflour, calcium carbonate, iron, niacin, thiamin), water, raising agent (ammonium hydrogen carbonate)), water, pork fat, potato starch, wheat dextrose and maize dextrose, salt, sugar, spices, stabiliser sodium phosphates, Encased in beef collagen casings), water, onions, unsalted butter (milk), tomato purÃ©e, FORTIFIED WHEAT FLOUR (wheatflour, calcium carbonate, iron, niacin, thiamin), cornflour, WORCESTER SAUCE (spirit vinegar, sugar, tamarind extract, onion powder, mixed spices, garlic powder, lemon juice from concentrate), rapeseed oil, salt, chicken extract, herbs,barleymalt extract, pepper.","['potato', 'chicken', 'pork', 'maize', 'butter', 'beef', 'tomato', 'milk', 'onion']",9
"INGREDIENTS:Potato (37%), water, cooked chicken breast (14%), carrot, peas, red wine, onion, rapeseed oil, chicken extract, cornflour, tomato paste, fortified wheat flour (wheatflour, calcium carbonate, iron, niacin, thiamin), unsalted butter (milk), salt, garlic purÃ©e, pectin, thyme, black pepper, leeks, parsley, garlic, white pepper, bay.","['potato', 'leeks', 'chicken', 'butter', 'wine', 'tomato', 'peas', 'milk', 'onion']",9
"INGREDIENTS:Minced beef (25%), water, tomato, free range egg lasagne (durumwheatsemolina, water, pasteurised free rangeegg), single cream (milk), tomato purÃ©e, onion, vintage Cheddar cheese (milk), smoked bacon lardons (3%) (pork belly, water, salt, preservative (sodium nitrate)), cornflour, mozzarella cheese (milk), mature Cheddar cheese (milk), red wine, beef concentrate, unsalted butter (milk), brown sugar, garlic purÃ©e, salt, sugar, basil, parsley, oregano, sunflower oil, ground fennel, concentrated onion juice, cracked black pepper.","['pork', 'cheese', 'butter', 'beef', 'egg', 'wine', 'tomato', 'milk', 'onion']",9
"Chopped Tomatoes (19%) (contain: Tomatoes, Tomato Juice, Acidity Regulator: Citric Acid), Semi Skimmed, Chicken (15%), Mushrooms (7%), Free RangeLasagne Sheets (6%) (contain: DurumSemolina, Free Range), Cheddar Cheese (5%), Onions,, Carrots, White Bread (contains:Flour (Calcium, Iron, Niacin, Thiamin), Water, Yeast, Salt,Flour, FermentedFlour, Emulsifiers: Mono- and Diacetyltartaric Acid Esters of Mono- and Dyglycerides of Fatty Acids, Sodium Stearol-2- Lactylate, Vegetable Fat (Rapeseed, Palm), Flour Treatment Agent: Ascorbic Acid), Tomato Puree (2%),Flour (contains: Calcium Carbonate, Iron, Nicotinamide (Vit B3), Thiamine Hydrochloride (Vit B1)), Butter, Rapeseed Oil, Regato Cheese, Mediterranean Vegatable Stock (contains: Partially Reconstituted Vegetables (Onion, Red Bell Pepper, Artichoke,, Potato), Tomato Puree, Salt, Sugar, Maltodextrin, Sun-Dried Tomato Paste (Sun-Dried Tomato, Sunflower Oil, Salt, Natural Flavouring, White Wine Vinegar, Black Pepper), Olive Oil, Natural Flavouring), Sugar, Red Pesto (contains: Soaked Sundried Tomatoes (Sundried Tomatoes, Water, Salt, Grape Vinegar), Sunflower Oil, Extra Virgin Olive Oil, Vegetarian Medium Fat Hard Cheese (Cow's, Salt, Microbial Rennet), Sun Dried Tomatoes (Sun Dried Tomatoes, Extra Virgin Olive Oil, Salt, Grape Vinegar), Semidried Tomatoes in Oil (Semidried Tomatoes, Sunflower Oil, Sugar, Salt, Garlic, Oregano), Herbs de Provence (Rosemary, Marjoram, Parsley, Basil, Kibbled Bay Leaves, Thyme, Oregano, Sage), Garlic Puree), Salt, Garlic, Basil, Parsley, English(contains: Water,Flour, Sugar, Salt,Flour, Turmeric, Acidity Regulator: Citric Acid, Stabiliser (Xanthan Gum)), Sage, Pepper, Nutmeg.","['potato', 'chicken', 'bread', 'cheese', 'grape', 'butter', 'wine', 'tomato', 'onion']",9
"Chopped Tomatoes (19%) (contain: Tomatoes, Tomato Juice, Acidity Regulator: Citric Acid), Semi Skimmed, Chicken (15%), Mushrooms (7%), Free RangeLasagne Sheets (6%) (contain: DurumSemolina, Free Range), Cheddar Cheese (5%), Onions,, Carrots, White Bread (contains:Flour (Calcium, Iron, Niacin, Thiamin), Water, Yeast, Salt,Flour, FermentedFlour, Emulsifiers: Mono- and Diacetyltartaric Acid Esters of Mono- and Dyglycerides of Fatty Acids, Sodium Stearol-2- Lactylate, Vegetable Fat (Rapeseed, Palm), Flour Treatment Agent: Ascorbic Acid), Tomato Puree (2%),Flour (contains: Calcium Carbonate, Iron, Nicotinamide (Vit B3), Thiamine Hydrochloride (Vit B1)), Butter, Rapeseed Oil, Regato Cheese, Mediterranean Vegatable Stock (contains: Partially Reconstituted Vegetables (Onion, Red Bell Pepper, Artichoke,, Potato), Tomato Puree, Salt, Sugar, Maltodextrin, Sun-Dried Tomato Paste (Sun-Dried Tomato, Sunflower Oil, Salt, Natural Flavouring, White Wine Vinegar, Black Pepper), Olive Oil, Natural Flavouring), Sugar, Red Pesto (contains: Soaked Sundried Tomatoes (Sundried Tomatoes, Water, Salt, Grape Vinegar), Sunflower Oil, Extra Virgin Olive Oil, Vegetarian Medium Fat Hard Cheese (Cow's, Salt, Microbial Rennet), Sun Dried Tomatoes (Sun Dried Tomatoes, Extra Virgin Olive Oil, Salt, Grape Vinegar), Semidried Tomatoes in Oil (Semidried Tomatoes, Sunflower Oil, Sugar, Salt, Garlic, Oregano), Herbs de Provence (Rosemary, Marjoram, Parsley, Basil, Kibbled Bay Leaves, Thyme, Oregano, Sage), Garlic Puree), Salt, Garlic, Basil, Parsley, English(contains: Water,Flour, Sugar, Salt,Flour, Turmeric, Acidity Regulator: Citric Acid, Stabiliser (Xanthan Gum)), Sage, Pepper, Nutmeg.","['potato', 'chicken', 'bread', 'cheese', 'grape', 'butter', 'wine', 'tomato', 'onion']",9
"Chopped Tomatoes (21%) (contain: Tomatoes, Tomato Juice, Acidity Regulator: Citric Acid), Pork Shoulder (19%), Wholewheat Spaghetti (17%)(Wholewheat Durum Semolina, Water), Dark Speckled Lentils (12%), Onions, Red Wine (5%) (contains: Preservative: Potassium),, Baby Spinach (3%), Tomato Puree (3%), Roast Chicken Stock (contains: Roast Chicken, Maltodextrin, Salt, Natural Flavouring, Chicken Fat, Sugar, Lemon Juice (from concentrate), Onion Powder), Garlic, Beef Glace (contains: Beef Stock (Water, Beef Stock), Flavourings, Yeast Extracts, Glucose Syrup, Salt, Sugar, Maltodextrin), Rapeseed Oil, Gluten Free Flour (contains: Rice, Potato, Tapioca, Maize, Buckwheat), Honey, Basil, Ground Fennel, Oregano, Thyme, Rosemary.","['potato', 'chicken', 'pork', 'maize', 'beef', 'wine', 'tomato', 'onion', 'rice']",9
"Chopped Tomatoes (19%) (contain: Tomatoes, Tomato Juice, Acidity Regulator: Citric Acid), Semi Skimmed, Chicken (15%), Mushrooms (7%), Free RangeLasagne Sheets (6%) (contain: DurumSemolina, Free Range), Cheddar Cheese (5%), Onions,, Carrots, White Bread (contains:Flour (Calcium, Iron, Niacin, Thiamin), Water, Yeast, Salt,Flour, FermentedFlour, Emulsifiers: Mono- and Diacetyltartaric Acid Esters of Mono- and Dyglycerides of Fatty Acids, Sodium Stearol-2- Lactylate, Vegetable Fat (Rapeseed, Palm), Flour Treatment Agent: Ascorbic Acid), Tomato Puree (2%),Flour (contains: Calcium Carbonate, Iron, Nicotinamide (Vit B3), Thiamine Hydrochloride (Vit B1)), Butter, Rapeseed Oil, Regato Cheese, Mediterranean Vegatable Stock (contains: Partially Reconstituted Vegetables (Onion, Red Bell Pepper, Artichoke,, Potato), Tomato Puree, Salt, Sugar, Maltodextrin, Sun-Dried Tomato Paste (Sun-Dried Tomato, Sunflower Oil, Salt, Natural Flavouring, White Wine Vinegar, Black Pepper), Olive Oil, Natural Flavouring), Sugar, Red Pesto (contains: Soaked Sundried Tomatoes (Sundried Tomatoes, Water, Salt, Grape Vinegar), Sunflower Oil, Extra Virgin Olive Oil, Vegetarian Medium Fat Hard Cheese (Cow's, Salt, Microbial Rennet), Sun Dried Tomatoes (Sun Dried Tomatoes, Extra Virgin Olive Oil, Salt, Grape Vinegar), Semidried Tomatoes in Oil (Semidried Tomatoes, Sunflower Oil, Sugar, Salt, Garlic, Oregano), Herbs de Provence (Rosemary, Marjoram, Parsley, Basil, Kibbled Bay Leaves, Thyme, Oregano, Sage), Garlic Puree), Salt, Garlic, Basil, Parsley, English(contains: Water,Flour, Sugar, Salt,Flour, Turmeric, Acidity Regulator: Citric Acid, Stabiliser (Xanthan Gum)), Sage, Pepper, Nutmeg.","['potato', 'chicken', 'bread', 'cheese', 'grape', 'butter', 'wine', 'tomato', 'onion']",9
"Chopped Tomatoes (21%) (contain: Tomatoes, Tomato Juice, Acidity Regulator: Citric Acid), Pork Shoulder (19%), Wholewheat Spaghetti (17%)(Wholewheat Durum Semolina, Water), Dark Speckled Lentils (12%), Onions, Red Wine (5%) (contains: Preservative: Potassium),, Baby Spinach (3%), Tomato Puree (3%), Roast Chicken Stock (contains: Roast Chicken, Maltodextrin, Salt, Natural Flavouring, Chicken Fat, Sugar, Lemon Juice (from concentrate), Onion Powder), Garlic, Beef Glace (contains: Beef Stock (Water, Beef Stock), Flavourings, Yeast Extracts, Glucose Syrup, Salt, Sugar, Maltodextrin), Rapeseed Oil, Gluten Free Flour (contains: Rice, Potato, Tapioca, Maize, Buckwheat), Honey, Basil, Ground Fennel, Oregano, Thyme, Rosemary.","['potato', 'chicken', 'pork', 'maize', 'beef', 'wine', 'tomato', 'onion', 'rice']",9
"Chopped Tomatoes (19%) (contain: Tomatoes, Tomato Juice, Acidity Regulator: Citric Acid), Semi Skimmed, Chicken (15%), Mushrooms (7%), Free RangeLasagne Sheets (6%) (contain: DurumSemolina, Free Range), Cheddar Cheese (5%), Onions,, Carrots, White Bread (contains:Flour (Calcium, Iron, Niacin, Thiamin), Water, Yeast, Salt,Flour, FermentedFlour, Emulsifiers: Mono- and Diacetyltartaric Acid Esters of Mono- and Dyglycerides of Fatty Acids, Sodium Stearol-2- Lactylate, Vegetable Fat (Rapeseed, Palm), Flour Treatment Agent: Ascorbic Acid), Tomato Puree (2%),Flour (contains: Calcium Carbonate, Iron, Nicotinamide (Vit B3), Thiamine Hydrochloride (Vit B1)), Butter, Rapeseed Oil, Regato Cheese, Mediterranean Vegatable Stock (contains: Partially Reconstituted Vegetables (Onion, Red Bell Pepper, Artichoke,, Potato), Tomato Puree, Salt, Sugar, Maltodextrin, Sun-Dried Tomato Paste (Sun-Dried Tomato, Sunflower Oil, Salt, Natural Flavouring, White Wine Vinegar, Black Pepper), Olive Oil, Natural Flavouring), Sugar, Red Pesto (contains: Soaked Sundried Tomatoes (Sundried Tomatoes, Water, Salt, Grape Vinegar), Sunflower Oil, Extra Virgin Olive Oil, Vegetarian Medium Fat Hard Cheese (Cow's, Salt, Microbial Rennet), Sun Dried Tomatoes (Sun Dried Tomatoes, Extra Virgin Olive Oil, Salt, Grape Vinegar), Semidried Tomatoes in Oil (Semidried Tomatoes, Sunflower Oil, Sugar, Salt, Garlic, Oregano), Herbs de Provence (Rosemary, Marjoram, Parsley, Basil, Kibbled Bay Leaves, Thyme, Oregano, Sage), Garlic Puree), Salt, Garlic, Basil, Parsley, English(contains: Water,Flour, Sugar, Salt,Flour, Turmeric, Acidity Regulator: Citric Acid, Stabiliser (Xanthan Gum)), Sage, Pepper, Nutmeg.","['potato', 'chicken', 'bread', 'cheese', 'grape', 'butter', 'wine', 'tomato', 'onion']",9
"Chopped Tomatoes (19%) (contain: Tomatoes, Tomato Juice, Acidity Regulator: Citric Acid), Semi Skimmed, Chicken (15%), Mushrooms (7%), Free RangeLasagne Sheets (6%) (contain: DurumSemolina, Free Range), Cheddar Cheese (5%), Onions,, Carrots, White Bread (contains:Flour (Calcium, Iron, Niacin, Thiamin), Water, Yeast, Salt,Flour, FermentedFlour, Emulsifiers: Mono- and Diacetyltartaric Acid Esters of Mono- and Dyglycerides of Fatty Acids, Sodium Stearol-2- Lactylate, Vegetable Fat (Rapeseed, Palm), Flour Treatment Agent: Ascorbic Acid), Tomato Puree (2%),Flour (contains: Calcium Carbonate, Iron, Nicotinamide (Vit B3), Thiamine Hydrochloride (Vit B1)), Butter, Rapeseed Oil, Regato Cheese, Mediterranean Vegatable Stock (contains: Partially Reconstituted Vegetables (Onion, Red Bell Pepper, Artichoke,, Potato), Tomato Puree, Salt, Sugar, Maltodextrin, Sun-Dried Tomato Paste (Sun-Dried Tomato, Sunflower Oil, Salt, Natural Flavouring, White Wine Vinegar, Black Pepper), Olive Oil, Natural Flavouring), Sugar, Red Pesto (contains: Soaked Sundried Tomatoes (Sundried Tomatoes, Water, Salt, Grape Vinegar), Sunflower Oil, Extra Virgin Olive Oil, Vegetarian Medium Fat Hard Cheese (Cow's, Salt, Microbial Rennet), Sun Dried Tomatoes (Sun Dried Tomatoes, Extra Virgin Olive Oil, Salt, Grape Vinegar), Semidried Tomatoes in Oil (Semidried Tomatoes, Sunflower Oil, Sugar, Salt, Garlic, Oregano), Herbs de Provence (Rosemary, Marjoram, Parsley, Basil, Kibbled Bay Leaves, Thyme, Oregano, Sage), Garlic Puree), Salt, Garlic, Basil, Parsley, English(contains: Water,Flour, Sugar, Salt,Flour, Turmeric, Acidity Regulator: Citric Acid, Stabiliser (Xanthan Gum)), Sage, Pepper, Nutmeg.","['potato', 'chicken', 'bread', 'cheese', 'grape', 'butter', 'wine', 'tomato', 'onion']",9
"Chopped Tomatoes (21%) (contain: Tomatoes, Tomato Juice, Acidity Regulator: Citric Acid), Pork Shoulder (19%), Wholewheat Spaghetti (17%)(Wholewheat Durum Semolina, Water), Dark Speckled Lentils (12%), Onions, Red Wine (5%) (contains: Preservative: Potassium),, Baby Spinach (3%), Tomato Puree (3%), Roast Chicken Stock (contains: Roast Chicken, Maltodextrin, Salt, Natural Flavouring, Chicken Fat, Sugar, Lemon Juice (from concentrate), Onion Powder), Garlic, Beef Glace (contains: Beef Stock (Water, Beef Stock), Flavourings, Yeast Extracts, Glucose Syrup, Salt, Sugar, Maltodextrin), Rapeseed Oil, Gluten Free Flour (contains: Rice, Potato, Tapioca, Maize, Buckwheat), Honey, Basil, Ground Fennel, Oregano, Thyme, Rosemary.","['potato', 'chicken', 'pork', 'maize', 'beef', 'wine', 'tomato', 'onion', 'rice']",9
"Water, Spaghetti (21%) (contains: DurumSemolina, Water), Beef (11%), Pork (11%), Chopped Tomatoes (9%) (contain: Tomatoes, Tomato Juice, Acidity Regulator: Citric Acid), Onion, Tomato Juice (2%), Carrots, White Bread (contains:Flour (contains Calcium, Iron, Niacin, Thiamin), Water, Yeast,Flour, Salt,Protein, Vegetable Fat (Palm, Rapeseed), Preservative: Calcium Propionate, Emulsifiers: Mono- and Diglycerides of Fatty Acids, Mono- and Diacetyltartaric Acid Esters of Mono- and Diglycerides of Fatty Acids, Sodium Stearoyl-2-lactylate, Flour Treatment Agent: Ascorbic Acid),Flour (contains: Calcium Carbonate, Iron, Nicotinamide (Vit B3), Thiamine Hydrochloride (Vit B1)), Tomato Puree, Unsalted Butter, Roast Chicken Stock (contains: Roast Chicken, Maltodextrin, Salt, Natural Flavouring, Chicken Fat, Sugar, Lemon Juice (from Concentrate), Onion Powder), Mediterranean Vegetable Stock (contains: Partially Reconsituted Vegetables (Onion, Red Bell Pepper, Organic Potato, Asparagus, Artichoke,), Maltodextrin, Tomato Puree, Salt, Sugar, Natural Flavouring, Sun Dried Tomato Paste (Sun Dried Tomato, Sunflower Oil, Salt, Natural Flavouring, White Wine Vinegar, Black Pepper), Rapeseed Oil), Rapeseed Oil, Free Range Pasteurised Whole, Garlic, Parsley, Basil, Worcester Sauce (contains: Water, Sugar, Spirit Vinegar, Molasses, Onion Puree, Salt, Tamarind Paste, Cloves, Ginger Puree, Garlic Puree), White Pepper.","['potato', 'chicken', 'bread', 'pork', 'butter', 'beef', 'wine', 'tomato', 'onion']",9
"Chopped Tomatoes (21%) (contain: Tomatoes, Tomato Juice, Acidity Regulator: Citric Acid), Pork Shoulder (19%), Wholewheat Spaghetti (17%)(Wholewheat Durum Semolina, Water), Dark Speckled Lentils (12%), Onions, Red Wine (5%) (contains: Preservative: Potassium),, Baby Spinach (3%), Tomato Puree (3%), Roast Chicken Stock (contains: Roast Chicken, Maltodextrin, Salt, Natural Flavouring, Chicken Fat, Sugar, Lemon Juice (from concentrate), Onion Powder), Garlic, Beef Glace (contains: Beef Stock (Water, Beef Stock), Flavourings, Yeast Extracts, Glucose Syrup, Salt, Sugar, Maltodextrin), Rapeseed Oil, Gluten Free Flour (contains: Rice, Potato, Tapioca, Maize, Buckwheat), Honey, Basil, Ground Fennel, Oregano, Thyme, Rosemary.","['potato', 'chicken', 'pork', 'maize', 'beef', 'wine', 'tomato', 'onion', 'rice']",9
"Chopped Tomatoes (21%) (contain: Tomatoes, Tomato Juice, Acidity Regulator: Citric Acid), Pork Shoulder (19%), Wholewheat Spaghetti (17%)(Wholewheat Durum Semolina, Water), Dark Speckled Lentils (12%), Onions, Red Wine (5%) (contains: Preservative: Potassium),, Baby Spinach (3%), Tomato Puree (3%), Roast Chicken Stock (contains: Roast Chicken, Maltodextrin, Salt, Natural Flavouring, Chicken Fat, Sugar, Lemon Juice (from concentrate), Onion Powder), Garlic, Beef Glace (contains: Beef Stock (Water, Beef Stock), Flavourings, Yeast Extracts, Glucose Syrup, Salt, Sugar, Maltodextrin), Rapeseed Oil, Gluten Free Flour (contains: Rice, Potato, Tapioca, Maize, Buckwheat), Honey, Basil, Ground Fennel, Oregano, Thyme, Rosemary.","['potato', 'chicken', 'pork', 'maize', 'beef', 'wine', 'tomato', 'onion', 'rice']",9
"Chopped Tomatoes (21%) (contain: Tomatoes, Tomato Juice, Acidity Regulator: Citric Acid), Pork Shoulder (19%), Wholewheat Spaghetti (17%)(Wholewheat Durum Semolina, Water), Dark Speckled Lentils (12%), Onions, Red Wine (5%) (contains: Preservative: Potassium),, Baby Spinach (3%), Tomato Puree (3%), Roast Chicken Stock (contains: Roast Chicken, Maltodextrin, Salt, Natural Flavouring, Chicken Fat, Sugar, Lemon Juice (from concentrate), Onion Powder), Garlic, Beef Glace (contains: Beef Stock (Water, Beef Stock), Flavourings, Yeast Extracts, Glucose Syrup, Salt, Sugar, Maltodextrin), Rapeseed Oil, Gluten Free Flour (contains: Rice, Potato, Tapioca, Maize, Buckwheat), Honey, Basil, Ground Fennel, Oregano, Thyme, Rosemary.","['potato', 'chicken', 'pork', 'maize', 'beef', 'wine', 'tomato', 'onion', 'rice']",9
"Chopped Tomatoes (19%) (contain: Tomatoes, Tomato Juice, Acidity Regulator: Citric Acid), Semi Skimmed, Chicken (15%), Mushrooms (7%), Free RangeLasagne Sheets (6%) (contain: DurumSemolina, Free Range), Cheddar Cheese (5%), Onions,, Carrots, White Bread (contains:Flour (Calcium, Iron, Niacin, Thiamin), Water, Yeast, Salt,Flour, FermentedFlour, Emulsifiers: Mono- and Diacetyltartaric Acid Esters of Mono- and Dyglycerides of Fatty Acids, Sodium Stearol-2- Lactylate, Vegetable Fat (Rapeseed, Palm), Flour Treatment Agent: Ascorbic Acid), Tomato Puree (2%),Flour (contains: Calcium Carbonate, Iron, Nicotinamide (Vit B3), Thiamine Hydrochloride (Vit B1)), Butter, Rapeseed Oil, Regato Cheese, Mediterranean Vegatable Stock (contains: Partially Reconstituted Vegetables (Onion, Red Bell Pepper, Artichoke,, Potato), Tomato Puree, Salt, Sugar, Maltodextrin, Sun-Dried Tomato Paste (Sun-Dried Tomato, Sunflower Oil, Salt, Natural Flavouring, White Wine Vinegar, Black Pepper), Olive Oil, Natural Flavouring), Sugar, Red Pesto (contains: Soaked Sundried Tomatoes (Sundried Tomatoes, Water, Salt, Grape Vinegar), Sunflower Oil, Extra Virgin Olive Oil, Vegetarian Medium Fat Hard Cheese (Cow's, Salt, Microbial Rennet), Sun Dried Tomatoes (Sun Dried Tomatoes, Extra Virgin Olive Oil, Salt, Grape Vinegar), Semidried Tomatoes in Oil (Semidried Tomatoes, Sunflower Oil, Sugar, Salt, Garlic, Oregano), Herbs de Provence (Rosemary, Marjoram, Parsley, Basil, Kibbled Bay Leaves, Thyme, Oregano, Sage), Garlic Puree), Salt, Garlic, Basil, Parsley, English(contains: Water,Flour, Sugar, Salt,Flour, Turmeric, Acidity Regulator: Citric Acid, Stabiliser (Xanthan Gum)), Sage, Pepper, Nutmeg.","['potato', 'chicken', 'bread', 'cheese', 'grape', 'butter', 'wine', 'tomato', 'onion']",9
"Chopped Tomatoes (19%) (contain: Tomatoes, Tomato Juice, Acidity Regulator: Citric Acid), Semi Skimmed, Chicken (15%), Mushrooms (7%), Free RangeLasagne Sheets (6%) (contain: DurumSemolina, Free Range), Cheddar Cheese (5%), Onions,, Carrots, White Bread (contains:Flour (Calcium, Iron, Niacin, Thiamin), Water, Yeast, Salt,Flour, FermentedFlour, Emulsifiers: Mono- and Diacetyltartaric Acid Esters of Mono- and Dyglycerides of Fatty Acids, Sodium Stearol-2- Lactylate, Vegetable Fat (Rapeseed, Palm), Flour Treatment Agent: Ascorbic Acid), Tomato Puree (2%),Flour (contains: Calcium Carbonate, Iron, Nicotinamide (Vit B3), Thiamine Hydrochloride (Vit B1)), Butter, Rapeseed Oil, Regato Cheese, Mediterranean Vegatable Stock (contains: Partially Reconstituted Vegetables (Onion, Red Bell Pepper, Artichoke,, Potato), Tomato Puree, Salt, Sugar, Maltodextrin, Sun-Dried Tomato Paste (Sun-Dried Tomato, Sunflower Oil, Salt, Natural Flavouring, White Wine Vinegar, Black Pepper), Olive Oil, Natural Flavouring), Sugar, Red Pesto (contains: Soaked Sundried Tomatoes (Sundried Tomatoes, Water, Salt, Grape Vinegar), Sunflower Oil, Extra Virgin Olive Oil, Vegetarian Medium Fat Hard Cheese (Cow's, Salt, Microbial Rennet), Sun Dried Tomatoes (Sun Dried Tomatoes, Extra Virgin Olive Oil, Salt, Grape Vinegar), Semidried Tomatoes in Oil (Semidried Tomatoes, Sunflower Oil, Sugar, Salt, Garlic, Oregano), Herbs de Provence (Rosemary, Marjoram, Parsley, Basil, Kibbled Bay Leaves, Thyme, Oregano, Sage), Garlic Puree), Salt, Garlic, Basil, Parsley, English(contains: Water,Flour, Sugar, Salt,Flour, Turmeric, Acidity Regulator: Citric Acid, Stabiliser (Xanthan Gum)), Sage, Pepper, Nutmeg.","['potato', 'chicken', 'bread', 'cheese', 'grape', 'butter', 'wine', 'tomato', 'onion']",9
"Chopped Tomatoes (21%) (contain: Tomatoes, Tomato Juice, Acidity Regulator: Citric Acid), Pork Shoulder (19%), Wholewheat Spaghetti (17%)(Wholewheat Durum Semolina, Water), Dark Speckled Lentils (12%), Onions, Red Wine (5%) (contains: Preservative: Potassium),, Baby Spinach (3%), Tomato Puree (3%), Roast Chicken Stock (contains: Roast Chicken, Maltodextrin, Salt, Natural Flavouring, Chicken Fat, Sugar, Lemon Juice (from concentrate), Onion Powder), Garlic, Beef Glace (contains: Beef Stock (Water, Beef Stock), Flavourings, Yeast Extracts, Glucose Syrup, Salt, Sugar, Maltodextrin), Rapeseed Oil, Gluten Free Flour (contains: Rice, Potato, Tapioca, Maize, Buckwheat), Honey, Basil, Ground Fennel, Oregano, Thyme, Rosemary.","['potato', 'chicken', 'pork', 'maize', 'beef', 'wine', 'tomato', 'onion', 'rice']",9
"Water, White Sauce (21%) (Water, Rapeseed Oil,WheatFlour, Modified Maize Starch,MilkSugar,MilkProteins, Dried SkimmedMilk, Salt, Medium Fat Hard Cheese (Milk), Ground Nutmeg), Cooked Pasta (16%) (DurumWheatSemolina, Water), Cooked Beef (16%), Concentrated Tomato Paste, Red Cheddar Cheese (3%) (Cheese (Milk), Potato Starch, Colour: Annatto), Onion, Modified Maize Starch, Carrot Puree, Salt, Garlic PurÃ©e, Basil, Dried Oregano, Black Pepper.ALLERGY ADVICE: FOR ALLERGENS, SEE UNDERLINED INGREDIENTS IN BOLD. ALSO, MAY CONTAIN EGG, FISH AND SOYA.Contains:wheat,milk","['potato', 'maize', 'cheese', 'beef', 'egg', 'fish', 'tomato', 'milk', 'onion']",9
"Rehydrated Potato (Water, Dried Potato Flake (Dried Potato (Sulphites), Emulsifiers: Mono- and Diglycerides of Fatty Acids, Diphosphates), Dried Potato (Potato (Sulphites), Emulsifiers: Mono- and Diglycerides of Fatty Acids, Diphosphates), Water, Minced Lamb (5%), Minced Mutton (5%), Carrot, Rapeseed Oil, Modified Maize Starch,WheatFlour (WheatFlour, Calcium Carbonate, Iron, Niacin, Thiamin), Peas, Salt, Tomato Paste, Vegetable Bouillon (Salt, Dried Glucose Syrup, Potato Starch, Dried Vegetables (Dried Onion, Carrot Powder, Leek Powder), Yeast Extract (Yeast Extract, Salt), Sugar, Sunflower Oil, Dried Parsley, Turmeric, Black Pepper), Lamb Stock (Water, Yeast Extract, Dried Lamb, Salt), Sugar,BarleyMalt Extract, Onion Powder, Mint, Butter (Milk), Ground Black Pepper, Garlic Powder, Rosemary.ALLERGY ADVICE: FOR ALLERGENS, SEE UNDERLINED INGREDIENTS IN BOLD. WARNING! ALTHOUGH EVERY EFFORT HAS BEEN MADE TO REMOVE ALL BONES, SOME MAY REMAIN.Contains:sulphites,wheat,barley,milk","['potato', 'maize', 'milk', 'butter', 'mutton', 'tomato', 'peas', 'lamb', 'onion']",9
